user_id,nickname,family_uuid,access_token,refresh_token,refresh_token_hash,issued_at,access_expires_at,refresh_expires_at
1,lt_user_001,64cdb756-45d8-45e4-a43a-aa4d5772db30,eyJhbGciOiJIUzI1NiIsInR5cCI6IkpXVCJ9.eyJqdGkiOiI4MmY3YTQyYi1iMzFmLTRmMWQtOTVmNy01Y2YwZDdkNDY4M2IiLCJzdWIiOiIxIiwidXNlcklkIjoxLCJuaWNrbmFtZSI6Imx0X3VzZXJfMDAxIiwidHlwZSI6IkFDQ0VTUyIsImlzcyI6IlFGZWVkIiwiaWF0IjoxNzcyMTE5NzgxLCJleHAiOjE3NzIxNDEzODEsInJvbGVzIjpbIlJPTEVfVVNFUiJdfQ.B5wSCCm9LsQWAKSjkHQTbyIG_i3kLdi5yxi7bfJNqwA,eyJhbGciOiJIUzI1NiIsInR5cCI6IkpXVCJ9.eyJqdGkiOiIwN2I0ZWYzMC1lY2JmLTQzMzUtOWZmNy1kYzlhZjcwZDNjZjQiLCJzdWIiOiIxIiwidXNlcklkIjoxLCJuaWNrbmFtZSI6Imx0X3VzZXJfMDAxIiwidHlwZSI6IlJFRlJFU0giLCJpc3MiOiJRRmVlZCIsImlhdCI6MTc3MjExOTc4MSwiZXhwIjoxNzczMzI5MzgxLCJmYW1pbHlVdWlkIjoiNjRjZGI3NTYtNDVkOC00NWU0LWE0M2EtYWE0ZDU3NzJkYjMwIn0.eH1aOJvZSeqC2DuwX6xuvV6FZzp-rDiHA3tCoFMV7Ok,b7CB3v+LxdeyaPWMj/z2Zir927tflwUxfSsFltK7lww=,2026-02-26 15:29:41,2026-02-26 21:29:41,2026-03-12 15:29:41
2,lt_user_002,72bb6cde-c88a-478c-ae83-8216f3352782,eyJhbGciOiJIUzI1NiIsInR5cCI6IkpXVCJ9.eyJqdGkiOiI4NDAwZjdmYi1hMTdhLTQ0OTctODA2Yy04NjdmYzdkNDNmMGYiLCJzdWIiOiIyIiwidXNlcklkIjoyLCJuaWNrbmFtZSI6Imx0X3VzZXJfMDAyIiwidHlwZSI6IkFDQ0VTUyIsImlzcyI6IlFGZWVkIiwiaWF0IjoxNzcyMTE5NzgxLCJleHAiOjE3NzIxNDEzODEsInJvbGVzIjpbIlJPTEVfVVNFUiJdfQ.QwXBs1IZoLQIHf-nJIQ5hSRlLju-CJ-LnIU4DeqqoNA,eyJhbGciOiJIUzI1NiIsInR5cCI6IkpXVCJ9.eyJqdGkiOiIzMTkwNDhkMS0zOGI1LTRhMmQtYmRjYS0wMmI4NzAyOGI2MTAiLCJzdWIiOiIyIiwidXNlcklkIjoyLCJuaWNrbmFtZSI6Imx0X3VzZXJfMDAyIiwidHlwZSI6IlJFRlJFU0giLCJpc3MiOiJRRmVlZCIsImlhdCI6MTc3MjExOTc4MSwiZXhwIjoxNzczMzI5MzgxLCJmYW1pbHlVdWlkIjoiNzJiYjZjZGUtYzg4YS00NzhjLWFlODMtODIxNmYzMzUyNzgyIn0.JXu-ccHnXxALQsxwmB-CS4sNYKThvsWK6NE88PMfvkc,kKohcXMxKhK/wn00Pv1YhtU/LtHHqG9mZ5VZZYVStNw=,2026-02-26 15:29:41,2026-02-26 21:29:41,2026-03-12 15:29:41
3,lt_user_003,9d66a4db-dbc4-4838-8a89-1aaf05db3ae7,eyJhbGciOiJIUzI1NiIsInR5cCI6IkpXVCJ9.eyJqdGkiOiI1Mzg3NjZjZS04NDJmLTRjOTktYjMwNC0yODFiM2Q4MmFkNTkiLCJzdWIiOiIzIiwidXNlcklkIjozLCJuaWNrbmFtZSI6Imx0X3VzZXJfMDAzIiwidHlwZSI6IkFDQ0VTUyIsImlzcyI6IlFGZWVkIiwiaWF0IjoxNzcyMTE5NzgxLCJleHAiOjE3NzIxNDEzODEsInJvbGVzIjpbIlJPTEVfVVNFUiJdfQ.n4MeYKI9-goz_lBx07iFvNuKCLG8D0Ya6lAiL5xLuhQ,eyJhbGciOiJIUzI1NiIsInR5cCI6IkpXVCJ9.eyJqdGkiOiIyNjA0Nzk4OC1kZmU1LTQ0ODYtYWNlMy1jZjZjM2QwYzUxODQiLCJzdWIiOiIzIiwidXNlcklkIjozLCJuaWNrbmFtZSI6Imx0X3VzZXJfMDAzIiwidHlwZSI6IlJFRlJFU0giLCJpc3MiOiJRRmVlZCIsImlhdCI6MTc3MjExOTc4MSwiZXhwIjoxNzczMzI5MzgxLCJmYW1pbHlVdWlkIjoiOWQ2NmE0ZGItZGJjNC00ODM4LThhODktMWFhZjA1ZGIzYWU3In0._kN6Bt9YKkkWEr0oiJ4Ow0y8mWZFW-BczOtUQ3-yTw4,PTpWmnTGMlZtxtS8rwsq0+GfE/+vhroNRDBfWzUeUbY=,2026-02-26 15:29:41,2026-02-26 21:29:41,2026-03-12 15:29:41
4,lt_user_004,d6a28ee3-adf6-4e41-b042-3f799e5f97ec,eyJhbGciOiJIUzI1NiIsInR5cCI6IkpXVCJ9.eyJqdGkiOiI3MTM5Y2UzMi02MmIyLTRmODYtODRmYS1jNWE5ZTlmMzE2NjMiLCJzdWIiOiI0IiwidXNlcklkIjo0LCJuaWNrbmFtZSI6Imx0X3VzZXJfMDA0IiwidHlwZSI6IkFDQ0VTUyIsImlzcyI6IlFGZWVkIiwiaWF0IjoxNzcyMTE5NzgxLCJleHAiOjE3NzIxNDEzODEsInJvbGVzIjpbIlJPTEVfVVNFUiJdfQ.vBTCJzDklmyqs7bEPPhnTDoA0i8poH2-z53T8Lm1SuA,eyJhbGciOiJIUzI1NiIsInR5cCI6IkpXVCJ9.eyJqdGkiOiJhY2Y0NjlmOS0xN2YyLTRlNDAtOTU4NS1iOThlOTk2NGZjM2QiLCJzdWIiOiI0IiwidXNlcklkIjo0LCJuaWNrbmFtZSI6Imx0X3VzZXJfMDA0IiwidHlwZSI6IlJFRlJFU0giLCJpc3MiOiJRRmVlZCIsImlhdCI6MTc3MjExOTc4MSwiZXhwIjoxNzczMzI5MzgxLCJmYW1pbHlVdWlkIjoiZDZhMjhlZTMtYWRmNi00ZTQxLWIwNDItM2Y3OTllNWY5N2VjIn0.Xo5fdJGuSDkFpz5gyzL7y4Y0qBFMNL_HK2xg_0EtQK0,CTxHO50px3EMXhWtL2Au3jWXxV5hJ7zZmahFftux/fg=,2026-02-26 15:29:41,2026-02-26 21:29:41,2026-03-12 15:29:41
5,lt_user_005,d115ef1a-436b-421c-a7ef-03b8317a7157,eyJhbGciOiJIUzI1NiIsInR5cCI6IkpXVCJ9.eyJqdGkiOiIyYjZlY2JhNS00OTc5LTRiZDktODQ2NC05ZWY4ZGVhMTUzMDgiLCJzdWIiOiI1IiwidXNlcklkIjo1LCJuaWNrbmFtZSI6Imx0X3VzZXJfMDA1IiwidHlwZSI6IkFDQ0VTUyIsImlzcyI6IlFGZWVkIiwiaWF0IjoxNzcyMTE5NzgxLCJleHAiOjE3NzIxNDEzODEsInJvbGVzIjpbIlJPTEVfVVNFUiJdfQ.kT4FUsC7sTDRzxVNk0mLYAEanCfV6vOueIolgWIAeOY,eyJhbGciOiJIUzI1NiIsInR5cCI6IkpXVCJ9.eyJqdGkiOiJkYWU4Mjc3MC05ZDU2LTRhYzEtODQ5ZC0xMmU3NzIzNDRkM2IiLCJzdWIiOiI1IiwidXNlcklkIjo1LCJuaWNrbmFtZSI6Imx0X3VzZXJfMDA1IiwidHlwZSI6IlJFRlJFU0giLCJpc3MiOiJRRmVlZCIsImlhdCI6MTc3MjExOTc4MSwiZXhwIjoxNzczMzI5MzgxLCJmYW1pbHlVdWlkIjoiZDExNWVmMWEtNDM2Yi00MjFjLWE3ZWYtMDNiODMxN2E3MTU3In0.1eipfy2m1WrlZ-Oc39wDbp8FW0iEz0_7y78MR1C4-yc,9NE1VqeqRsONH9Nw5jPZe2HHe2s5pSBPSbFNxLvoeY0=,2026-02-26 15:29:41,2026-02-26 21:29:41,2026-03-12 15:29:41
6,lt_user_006,8a5f6260-7899-491c-877b-c04156d7e141,eyJhbGciOiJIUzI1NiIsInR5cCI6IkpXVCJ9.eyJqdGkiOiJkNjcyN2NkZS05MjdmLTQyMGMtODQ3Yy02N2Y0ZGVhMzM0ZWUiLCJzdWIiOiI2IiwidXNlcklkIjo2LCJuaWNrbmFtZSI6Imx0X3VzZXJfMDA2IiwidHlwZSI6IkFDQ0VTUyIsImlzcyI6IlFGZWVkIiwiaWF0IjoxNzcyMTE5NzgxLCJleHAiOjE3NzIxNDEzODEsInJvbGVzIjpbIlJPTEVfVVNFUiJdfQ.qGTJcsoRw-WhdnV54cKLRRvXd-PgBXNNfCko6INUsbs,eyJhbGciOiJIUzI1NiIsInR5cCI6IkpXVCJ9.eyJqdGkiOiIyNGE4ZDNkOC0wODdhLTQ2YWUtYWM5ZS1lNDg4ODA2OWQ5OTQiLCJzdWIiOiI2IiwidXNlcklkIjo2LCJuaWNrbmFtZSI6Imx0X3VzZXJfMDA2IiwidHlwZSI6IlJFRlJFU0giLCJpc3MiOiJRRmVlZCIsImlhdCI6MTc3MjExOTc4MSwiZXhwIjoxNzczMzI5MzgxLCJmYW1pbHlVdWlkIjoiOGE1ZjYyNjAtNzg5OS00OTFjLTg3N2ItYzA0MTU2ZDdlMTQxIn0.quWiUNjVeSdNNsjKFuMU_vtnF8oFya0uOYvfryVxGkg,LqE7EjIoBfJMM4Bs9nFkqyrREzEuVGcLq3bYfpwKqo0=,2026-02-26 15:29:41,2026-02-26 21:29:41,2026-03-12 15:29:41
7,lt_user_007,3df28f44-2fd8-4d22-87f1-d8c09fa0b8e8,eyJhbGciOiJIUzI1NiIsInR5cCI6IkpXVCJ9.eyJqdGkiOiJkMDE2Y2VmNC04NGI0LTQxNzUtYjRlOS05OTBlMDQyNzM4NzEiLCJzdWIiOiI3IiwidXNlcklkIjo3LCJuaWNrbmFtZSI6Imx0X3VzZXJfMDA3IiwidHlwZSI6IkFDQ0VTUyIsImlzcyI6IlFGZWVkIiwiaWF0IjoxNzcyMTE5NzgxLCJleHAiOjE3NzIxNDEzODEsInJvbGVzIjpbIlJPTEVfVVNFUiJdfQ.yYldsHbA6JPOxVZv6MCqceI6vPP2V39nT6XBJ1nlpjg,eyJhbGciOiJIUzI1NiIsInR5cCI6IkpXVCJ9.eyJqdGkiOiJkMjIyOGNmZS0yYmQ0LTRlNjQtODZjMi1jYTA0NjdmYzcxOTciLCJzdWIiOiI3IiwidXNlcklkIjo3LCJuaWNrbmFtZSI6Imx0X3VzZXJfMDA3IiwidHlwZSI6IlJFRlJFU0giLCJpc3MiOiJRRmVlZCIsImlhdCI6MTc3MjExOTc4MSwiZXhwIjoxNzczMzI5MzgxLCJmYW1pbHlVdWlkIjoiM2RmMjhmNDQtMmZkOC00ZDIyLTg3ZjEtZDhjMDlmYTBiOGU4In0.F_PYS9N-d_emV1Y1JwOQw8It69iX2fxsaNbvFO2AWXg,wHz22+f+XUejO9/WESaiYsWYOUYyZqUE0N1IWeQVO4g=,2026-02-26 15:29:41,2026-02-26 21:29:41,2026-03-12 15:29:41
8,lt_user_008,3eff5f95-3b6a-4f71-8dd3-7fdb16e69bcd,eyJhbGciOiJIUzI1NiIsInR5cCI6IkpXVCJ9.eyJqdGkiOiI1YTI2YjJjZS0wNmU5LTQ3NDUtOTQzMS02ZmY1N2EwOTViZDIiLCJzdWIiOiI4IiwidXNlcklkIjo4LCJuaWNrbmFtZSI6Imx0X3VzZXJfMDA4IiwidHlwZSI6IkFDQ0VTUyIsImlzcyI6IlFGZWVkIiwiaWF0IjoxNzcyMTE5NzgxLCJleHAiOjE3NzIxNDEzODEsInJvbGVzIjpbIlJPTEVfVVNFUiJdfQ.laSYZj9Igpp9XefftQU9gimXPLbqf4RGrwOoppFNCfo,eyJhbGciOiJIUzI1NiIsInR5cCI6IkpXVCJ9.eyJqdGkiOiI5NThmYTFhZi04NGRmLTQ3NjEtOGI2OC1kZTFjNjc5YWU2OTIiLCJzdWIiOiI4IiwidXNlcklkIjo4LCJuaWNrbmFtZSI6Imx0X3VzZXJfMDA4IiwidHlwZSI6IlJFRlJFU0giLCJpc3MiOiJRRmVlZCIsImlhdCI6MTc3MjExOTc4MSwiZXhwIjoxNzczMzI5MzgxLCJmYW1pbHlVdWlkIjoiM2VmZjVmOTUtM2I2YS00ZjcxLThkZDMtN2ZkYjE2ZTY5YmNkIn0.oJqgAC4Igs-fWGqcgC0gU0y8kotwMS1h4CghKa6ZfzM,jmXr7N7QrQKNFYt3/E3ITfJzXeekyv33Bg72KoPpZaw=,2026-02-26 15:29:41,2026-02-26 21:29:41,2026-03-12 15:29:41
9,lt_user_009,a01de329-e367-4d03-967e-88761aa87421,eyJhbGciOiJIUzI1NiIsInR5cCI6IkpXVCJ9.eyJqdGkiOiIwZDhmOTNhNS1jZTg1LTQxZGItYWEwNC1iYWJiNjc2ZmJmMmEiLCJzdWIiOiI5IiwidXNlcklkIjo5LCJuaWNrbmFtZSI6Imx0X3VzZXJfMDA5IiwidHlwZSI6IkFDQ0VTUyIsImlzcyI6IlFGZWVkIiwiaWF0IjoxNzcyMTE5NzgxLCJleHAiOjE3NzIxNDEzODEsInJvbGVzIjpbIlJPTEVfVVNFUiJdfQ.aRMKPX_bax1oGoxYMFB5l0DtYk3WCo-pJUGMlXnWxFc,eyJhbGciOiJIUzI1NiIsInR5cCI6IkpXVCJ9.eyJqdGkiOiJkNDBlMTBjMy0xYTYzLTQ5ZTYtOTc4Yy1kYWE3NWY4MzgxODIiLCJzdWIiOiI5IiwidXNlcklkIjo5LCJuaWNrbmFtZSI6Imx0X3VzZXJfMDA5IiwidHlwZSI6IlJFRlJFU0giLCJpc3MiOiJRRmVlZCIsImlhdCI6MTc3MjExOTc4MSwiZXhwIjoxNzczMzI5MzgxLCJmYW1pbHlVdWlkIjoiYTAxZGUzMjktZTM2Ny00ZDAzLTk2N2UtODg3NjFhYTg3NDIxIn0.bfH7T7aFPx8kgYTauGnytJzAuZfJUDYLBs8z2Q48lqM,3R7NjDcUOJSqgrHS17rMInDs+yMFGd6Glexlr1jm1bI=,2026-02-26 15:29:41,2026-02-26 21:29:41,2026-03-12 15:29:41
10,lt_user_010,f70a616d-1577-4d24-a6dd-f56ec36fc0e8,eyJhbGciOiJIUzI1NiIsInR5cCI6IkpXVCJ9.eyJqdGkiOiJlY2VmYmZjNS0xOTczLTQ4ZmMtYmEyOC1kODQ1YTEwZmYxZmEiLCJzdWIiOiIxMCIsInVzZXJJZCI6MTAsIm5pY2tuYW1lIjoibHRfdXNlcl8wMTAiLCJ0eXBlIjoiQUNDRVNTIiwiaXNzIjoiUUZlZWQiLCJpYXQiOjE3NzIxMTk3ODEsImV4cCI6MTc3MjE0MTM4MSwicm9sZXMiOlsiUk9MRV9VU0VSIl19.DR4vNRM77mls37VSK0AiuvwLPHpLQH8D_k9g921Ti5k,eyJhbGciOiJIUzI1NiIsInR5cCI6IkpXVCJ9.eyJqdGkiOiJhMmU3NGQxMS01NGRmLTQ4ZjItYjAyNS0xMzA4ZWI2NDVhZjMiLCJzdWIiOiIxMCIsInVzZXJJZCI6MTAsIm5pY2tuYW1lIjoibHRfdXNlcl8wMTAiLCJ0eXBlIjoiUkVGUkVTSCIsImlzcyI6IlFGZWVkIiwiaWF0IjoxNzcyMTE5NzgxLCJleHAiOjE3NzMzMjkzODEsImZhbWlseVV1aWQiOiJmNzBhNjE2ZC0xNTc3LTRkMjQtYTZkZC1mNTZlYzM2ZmMwZTgifQ.6mWdhI8Qi_yGEgQORwU4dElp7KSvcnHbGkrc7BRiUxU,Z2TW5fzLjWlJzrlig9E2BBosHlVqIXiBNk+Kg2Hoqgg=,2026-02-26 15:29:41,2026-02-26 21:29:41,2026-03-12 15:29:41
11,lt_user_011,6b88ab6b-dd28-40e9-bd21-58e651f158dd,eyJhbGciOiJIUzI1NiIsInR5cCI6IkpXVCJ9.eyJqdGkiOiI4MTE5YTlkZC1kZTNmLTRlYzgtYWEyMy0wMzg5NjRlYzJmNmUiLCJzdWIiOiIxMSIsInVzZXJJZCI6MTEsIm5pY2tuYW1lIjoibHRfdXNlcl8wMTEiLCJ0eXBlIjoiQUNDRVNTIiwiaXNzIjoiUUZlZWQiLCJpYXQiOjE3NzIxMTk3ODEsImV4cCI6MTc3MjE0MTM4MSwicm9sZXMiOlsiUk9MRV9VU0VSIl19.VHnBT4dze5xcm3yfyRWZ79BKdBw6TgI7n3S5KYSqLIE,eyJhbGciOiJIUzI1NiIsInR5cCI6IkpXVCJ9.eyJqdGkiOiI5ZTIzM2Q0NC1jZjNjLTQzMWEtYmFjOS00MzFlMjdlMTQxMTgiLCJzdWIiOiIxMSIsInVzZXJJZCI6MTEsIm5pY2tuYW1lIjoibHRfdXNlcl8wMTEiLCJ0eXBlIjoiUkVGUkVTSCIsImlzcyI6IlFGZWVkIiwiaWF0IjoxNzcyMTE5NzgxLCJleHAiOjE3NzMzMjkzODEsImZhbWlseVV1aWQiOiI2Yjg4YWI2Yi1kZDI4LTQwZTktYmQyMS01OGU2NTFmMTU4ZGQifQ._tYVvDS0VhuFZjB92D15uZI_Y0Kg88kN8d9YxHWYRJ0,0cYMUmvFHCNacyP0QSyJs82217whTqcdQq/+yHeNNew=,2026-02-26 15:29:41,2026-02-26 21:29:41,2026-03-12 15:29:41
12,lt_user_012,96ea3543-8270-479d-8f6f-f4f01639d093,eyJhbGciOiJIUzI1NiIsInR5cCI6IkpXVCJ9.eyJqdGkiOiI1NTNlMTRhZi04MWI1LTRlYmQtOWU2Ny0wYzRjZGYxYTUyMzMiLCJzdWIiOiIxMiIsInVzZXJJZCI6MTIsIm5pY2tuYW1lIjoibHRfdXNlcl8wMTIiLCJ0eXBlIjoiQUNDRVNTIiwiaXNzIjoiUUZlZWQiLCJpYXQiOjE3NzIxMTk3ODEsImV4cCI6MTc3MjE0MTM4MSwicm9sZXMiOlsiUk9MRV9VU0VSIl19.yEhYKJ8RjROqgT8lSt4qMt6JIFt6yBSr0f91ITLTxnI,eyJhbGciOiJIUzI1NiIsInR5cCI6IkpXVCJ9.eyJqdGkiOiIzZWY5ZmE3YS0yZjI5LTRhOGEtOTg0Ni1mNzM3YzVmZGY1YTUiLCJzdWIiOiIxMiIsInVzZXJJZCI6MTIsIm5pY2tuYW1lIjoibHRfdXNlcl8wMTIiLCJ0eXBlIjoiUkVGUkVTSCIsImlzcyI6IlFGZWVkIiwiaWF0IjoxNzcyMTE5NzgxLCJleHAiOjE3NzMzMjkzODEsImZhbWlseVV1aWQiOiI5NmVhMzU0My04MjcwLTQ3OWQtOGY2Zi1mNGYwMTYzOWQwOTMifQ._4Ob_Mzoo6K8U_IduszOuUPY2myQ82rCwwjMSbmEodc,M21GbDWH/TZ3T+Ut7RZ1pkfTFd2EDatRjs8+2DkOLN8=,2026-02-26 15:29:41,2026-02-26 21:29:41,2026-03-12 15:29:41
13,lt_user_013,af5b4c54-1431-42d9-8cb2-86f59fb6f374,eyJhbGciOiJIUzI1NiIsInR5cCI6IkpXVCJ9.eyJqdGkiOiJhODdmZGFjOS0zODk5LTRiYjMtYjQwYS04Njg0ZTAyODZmYmIiLCJzdWIiOiIxMyIsInVzZXJJZCI6MTMsIm5pY2tuYW1lIjoibHRfdXNlcl8wMTMiLCJ0eXBlIjoiQUNDRVNTIiwiaXNzIjoiUUZlZWQiLCJpYXQiOjE3NzIxMTk3ODEsImV4cCI6MTc3MjE0MTM4MSwicm9sZXMiOlsiUk9MRV9VU0VSIl19.267ga46A28AdtReoseN9nx8Wp1FTIhei2PuvwxAayi4,eyJhbGciOiJIUzI1NiIsInR5cCI6IkpXVCJ9.eyJqdGkiOiJmMWY4ZGUxYi0xNDU3LTQ2NjEtOTVmOS1hMTc5NTE3NWMxY2UiLCJzdWIiOiIxMyIsInVzZXJJZCI6MTMsIm5pY2tuYW1lIjoibHRfdXNlcl8wMTMiLCJ0eXBlIjoiUkVGUkVTSCIsImlzcyI6IlFGZWVkIiwiaWF0IjoxNzcyMTE5NzgxLCJleHAiOjE3NzMzMjkzODEsImZhbWlseVV1aWQiOiJhZjViNGM1NC0xNDMxLTQyZDktOGNiMi04NmY1OWZiNmYzNzQifQ.Jl1A3MZTWtqzRTlaBqbZMTWgwnSSeXgehYXItCIN5D0,LkFNePwBX25JCVQmiueqQlDC0qVeyXIgAjWhA6F3s1A=,2026-02-26 15:29:41,2026-02-26 21:29:41,2026-03-12 15:29:41
14,lt_user_014,dff62c22-b0e0-4352-88ec-21cbf0d00338,eyJhbGciOiJIUzI1NiIsInR5cCI6IkpXVCJ9.eyJqdGkiOiIxMzEyYThjMC1kZDc0LTQyNWEtYWZkYS1lZTRjZDUzNWJiYjQiLCJzdWIiOiIxNCIsInVzZXJJZCI6MTQsIm5pY2tuYW1lIjoibHRfdXNlcl8wMTQiLCJ0eXBlIjoiQUNDRVNTIiwiaXNzIjoiUUZlZWQiLCJpYXQiOjE3NzIxMTk3ODEsImV4cCI6MTc3MjE0MTM4MSwicm9sZXMiOlsiUk9MRV9VU0VSIl19.__5Eo3XIIEPFl9sKXlRWaQxcPsocQieTlguG0mwKhiI,eyJhbGciOiJIUzI1NiIsInR5cCI6IkpXVCJ9.eyJqdGkiOiJhYTdlZGJmNC0xMTRlLTQ3YTEtOGMwNy0wMGExOGMwOGM0NmMiLCJzdWIiOiIxNCIsInVzZXJJZCI6MTQsIm5pY2tuYW1lIjoibHRfdXNlcl8wMTQiLCJ0eXBlIjoiUkVGUkVTSCIsImlzcyI6IlFGZWVkIiwiaWF0IjoxNzcyMTE5NzgxLCJleHAiOjE3NzMzMjkzODEsImZhbWlseVV1aWQiOiJkZmY2MmMyMi1iMGUwLTQzNTItODhlYy0yMWNiZjBkMDAzMzgifQ.nIaocp1Efe07BOjC_DSks_xigsc56tIK-H12Hi9S7p0,kWANUbvv0YY3U+yWLfQCsadPlhoy4O9CMGjH61W0/H8=,2026-02-26 15:29:41,2026-02-26 21:29:41,2026-03-12 15:29:41
15,lt_user_015,a68a98de-58ce-4da0-9851-10be9546fd85,eyJhbGciOiJIUzI1NiIsInR5cCI6IkpXVCJ9.eyJqdGkiOiJkZTc4YzE3Ni01ZmZmLTQ1N2MtOGQ3YS03YmJiN2YxYjEwNzUiLCJzdWIiOiIxNSIsInVzZXJJZCI6MTUsIm5pY2tuYW1lIjoibHRfdXNlcl8wMTUiLCJ0eXBlIjoiQUNDRVNTIiwiaXNzIjoiUUZlZWQiLCJpYXQiOjE3NzIxMTk3ODEsImV4cCI6MTc3MjE0MTM4MSwicm9sZXMiOlsiUk9MRV9VU0VSIl19.Av8MefGCFFtwaQNpofANVXyyrtRWECGf9hKApZmCj6s,eyJhbGciOiJIUzI1NiIsInR5cCI6IkpXVCJ9.eyJqdGkiOiI3NGM5ZDE0NC1mOTJmLTQwMWEtYWZjZS0wNGU5NWMwY2Y3YzEiLCJzdWIiOiIxNSIsInVzZXJJZCI6MTUsIm5pY2tuYW1lIjoibHRfdXNlcl8wMTUiLCJ0eXBlIjoiUkVGUkVTSCIsImlzcyI6IlFGZWVkIiwiaWF0IjoxNzcyMTE5NzgxLCJleHAiOjE3NzMzMjkzODEsImZhbWlseVV1aWQiOiJhNjhhOThkZS01OGNlLTRkYTAtOTg1MS0xMGJlOTU0NmZkODUifQ.7oaJdG8f-oqM50n0YZdALIS2Zo-Ain94LtGr2KuGPcc,dvNLTXh4+fXmGKO9po+J156xTbjS+x079Qyaqj4iCpc=,2026-02-26 15:29:41,2026-02-26 21:29:41,2026-03-12 15:29:41
16,lt_user_016,01d249aa-1e20-43e1-9526-699d3d2bef1f,eyJhbGciOiJIUzI1NiIsInR5cCI6IkpXVCJ9.eyJqdGkiOiI0ODEyMWU1Ny0yMjhhLTRlYzEtYjM1NC1mZTA5ZDFlZjExNmEiLCJzdWIiOiIxNiIsInVzZXJJZCI6MTYsIm5pY2tuYW1lIjoibHRfdXNlcl8wMTYiLCJ0eXBlIjoiQUNDRVNTIiwiaXNzIjoiUUZlZWQiLCJpYXQiOjE3NzIxMTk3ODEsImV4cCI6MTc3MjE0MTM4MSwicm9sZXMiOlsiUk9MRV9VU0VSIl19.butr2gXFf7L2VqzLcrAe1F_Qc2SaBsmw9oMAlTEB6rI,eyJhbGciOiJIUzI1NiIsInR5cCI6IkpXVCJ9.eyJqdGkiOiI5ZmQyNzFlMy00NzgxLTQ3NjUtYjFkYS04YTcwNGVjYzRjYTUiLCJzdWIiOiIxNiIsInVzZXJJZCI6MTYsIm5pY2tuYW1lIjoibHRfdXNlcl8wMTYiLCJ0eXBlIjoiUkVGUkVTSCIsImlzcyI6IlFGZWVkIiwiaWF0IjoxNzcyMTE5NzgxLCJleHAiOjE3NzMzMjkzODEsImZhbWlseVV1aWQiOiIwMWQyNDlhYS0xZTIwLTQzZTEtOTUyNi02OTlkM2QyYmVmMWYifQ.9nZtxH7R6oVP57t-hKzXNXctxlSHZw6DZ5F2XvwuAdI,U1/9aiyyp19ARxXLVhcOdlWjUGaMl8z0uUK1vi6MOKU=,2026-02-26 15:29:41,2026-02-26 21:29:41,2026-03-12 15:29:41
17,lt_user_017,94f59aa5-d3dd-445a-bf06-2e67c3440dd8,eyJhbGciOiJIUzI1NiIsInR5cCI6IkpXVCJ9.eyJqdGkiOiJmN2RmODAyNS00ODE0LTQzNDMtYTNmYy04YjdmMjY5MTlmODciLCJzdWIiOiIxNyIsInVzZXJJZCI6MTcsIm5pY2tuYW1lIjoibHRfdXNlcl8wMTciLCJ0eXBlIjoiQUNDRVNTIiwiaXNzIjoiUUZlZWQiLCJpYXQiOjE3NzIxMTk3ODEsImV4cCI6MTc3MjE0MTM4MSwicm9sZXMiOlsiUk9MRV9VU0VSIl19.UH2mZcyzOMgkbnW8e_0iuQbP98Yy8JTnd03c-HfpUfQ,eyJhbGciOiJIUzI1NiIsInR5cCI6IkpXVCJ9.eyJqdGkiOiI0YzA2ZWMxMC1kZTExLTQ2NTktYmRjMi0xNTZjMGEyOGQxNzAiLCJzdWIiOiIxNyIsInVzZXJJZCI6MTcsIm5pY2tuYW1lIjoibHRfdXNlcl8wMTciLCJ0eXBlIjoiUkVGUkVTSCIsImlzcyI6IlFGZWVkIiwiaWF0IjoxNzcyMTE5NzgxLCJleHAiOjE3NzMzMjkzODEsImZhbWlseVV1aWQiOiI5NGY1OWFhNS1kM2RkLTQ0NWEtYmYwNi0yZTY3YzM0NDBkZDgifQ.v_xLz6o2z26hKPG7SDVCpB1Szd1v8yN6O7xAuIoOeAQ,Jk+P+aMrAagJkCpg1Qc2JXKKKBlqbMGfF9cs/t+Pico=,2026-02-26 15:29:41,2026-02-26 21:29:41,2026-03-12 15:29:41
18,lt_user_018,bd3efb7c-2ade-4f9c-a386-3c2d2283f278,eyJhbGciOiJIUzI1NiIsInR5cCI6IkpXVCJ9.eyJqdGkiOiI1YzRmNmQ3Ni0xMTU4LTQ2MzEtODdmNi00ZWY2YmY4Nzc2YTEiLCJzdWIiOiIxOCIsInVzZXJJZCI6MTgsIm5pY2tuYW1lIjoibHRfdXNlcl8wMTgiLCJ0eXBlIjoiQUNDRVNTIiwiaXNzIjoiUUZlZWQiLCJpYXQiOjE3NzIxMTk3ODEsImV4cCI6MTc3MjE0MTM4MSwicm9sZXMiOlsiUk9MRV9VU0VSIl19.gR5AaWw863fCcFGAPvPDa6YN1Pkf3Sf9xQS07yDNNeU,eyJhbGciOiJIUzI1NiIsInR5cCI6IkpXVCJ9.eyJqdGkiOiJjZjdlYWQ0Zi1mZmMyLTRkMDgtODhhOS05OTI4NzNmMzllN2EiLCJzdWIiOiIxOCIsInVzZXJJZCI6MTgsIm5pY2tuYW1lIjoibHRfdXNlcl8wMTgiLCJ0eXBlIjoiUkVGUkVTSCIsImlzcyI6IlFGZWVkIiwiaWF0IjoxNzcyMTE5NzgxLCJleHAiOjE3NzMzMjkzODEsImZhbWlseVV1aWQiOiJiZDNlZmI3Yy0yYWRlLTRmOWMtYTM4Ni0zYzJkMjI4M2YyNzgifQ.Vd5sS0lqP3Nt-KR8zbhCAsvUB4iJXCFRcvjhjlp1LOs,NbZYfsnGAQa3p4j8Jt0tBFgCKHhLMjxxPCCLY9rRrf0=,2026-02-26 15:29:41,2026-02-26 21:29:41,2026-03-12 15:29:41
19,lt_user_019,4c71697f-a988-4720-9187-8eb574b7c9fd,eyJhbGciOiJIUzI1NiIsInR5cCI6IkpXVCJ9.eyJqdGkiOiJjNzg1ZjY0Ni0xMmEzLTRiYjctYWFjNi1mZWU2NjcyMTI1ZGQiLCJzdWIiOiIxOSIsInVzZXJJZCI6MTksIm5pY2tuYW1lIjoibHRfdXNlcl8wMTkiLCJ0eXBlIjoiQUNDRVNTIiwiaXNzIjoiUUZlZWQiLCJpYXQiOjE3NzIxMTk3ODEsImV4cCI6MTc3MjE0MTM4MSwicm9sZXMiOlsiUk9MRV9VU0VSIl19.yQzvRInXo5tPxMwYyB1pwUybwQmNL0gnWDDxLR9VGHQ,eyJhbGciOiJIUzI1NiIsInR5cCI6IkpXVCJ9.eyJqdGkiOiI1ZTRiOWQ2Yy1kZjgzLTRiYmEtOWY4Yy00NDY3ZGUzMmY5ZTEiLCJzdWIiOiIxOSIsInVzZXJJZCI6MTksIm5pY2tuYW1lIjoibHRfdXNlcl8wMTkiLCJ0eXBlIjoiUkVGUkVTSCIsImlzcyI6IlFGZWVkIiwiaWF0IjoxNzcyMTE5NzgxLCJleHAiOjE3NzMzMjkzODEsImZhbWlseVV1aWQiOiI0YzcxNjk3Zi1hOTg4LTQ3MjAtOTE4Ny04ZWI1NzRiN2M5ZmQifQ.gWLcPd53-aN28WWC-wnfKohdhAq-gzbeHdCTN5zFc-U,9Yuw57zdixTBZjO5TDEgKl5fbP4j+cyOkZ0bLHRmrRA=,2026-02-26 15:29:41,2026-02-26 21:29:41,2026-03-12 15:29:41
20,lt_user_020,32f459cd-dc37-4413-a1fd-5118502f22ec,eyJhbGciOiJIUzI1NiIsInR5cCI6IkpXVCJ9.eyJqdGkiOiIxODdkZmVmMS0zYzljLTQwNjYtYWI1Yy1mMzVlYjU0OTFkZjUiLCJzdWIiOiIyMCIsInVzZXJJZCI6MjAsIm5pY2tuYW1lIjoibHRfdXNlcl8wMjAiLCJ0eXBlIjoiQUNDRVNTIiwiaXNzIjoiUUZlZWQiLCJpYXQiOjE3NzIxMTk3ODEsImV4cCI6MTc3MjE0MTM4MSwicm9sZXMiOlsiUk9MRV9VU0VSIl19.eB87C3G3KBm_c6LHWO_BDwHHNv6ZSTVWmC7qSGx6SDA,eyJhbGciOiJIUzI1NiIsInR5cCI6IkpXVCJ9.eyJqdGkiOiIyZDQ4OTVmOC0zOTE4LTRmYWUtODU4Yi0wMTg1MWNkMjRiODciLCJzdWIiOiIyMCIsInVzZXJJZCI6MjAsIm5pY2tuYW1lIjoibHRfdXNlcl8wMjAiLCJ0eXBlIjoiUkVGUkVTSCIsImlzcyI6IlFGZWVkIiwiaWF0IjoxNzcyMTE5NzgxLCJleHAiOjE3NzMzMjkzODEsImZhbWlseVV1aWQiOiIzMmY0NTljZC1kYzM3LTQ0MTMtYTFmZC01MTE4NTAyZjIyZWMifQ.fGwHVU3bCDJUQiEE0ODv6S2wDD7D4JIfuER5nsZrDpE,hXy+O27CBGaotIgeaZ4ZPNfGQF60BBtbqxhmTqV7m8o=,2026-02-26 15:29:41,2026-02-26 21:29:41,2026-03-12 15:29:41
21,lt_user_021,3ab75907-4f75-43e7-ab34-21b6123d8810,eyJhbGciOiJIUzI1NiIsInR5cCI6IkpXVCJ9.eyJqdGkiOiJlMWI5MTFkOC1mNDIwLTRiM2YtOTlkYy1jNjcxM2EzNDEyZDciLCJzdWIiOiIyMSIsInVzZXJJZCI6MjEsIm5pY2tuYW1lIjoibHRfdXNlcl8wMjEiLCJ0eXBlIjoiQUNDRVNTIiwiaXNzIjoiUUZlZWQiLCJpYXQiOjE3NzIxMTk3ODEsImV4cCI6MTc3MjE0MTM4MSwicm9sZXMiOlsiUk9MRV9VU0VSIl19.ZendkYCcYvYF9RmBCdr3fRbCwBfanea4IH-0phupRBc,eyJhbGciOiJIUzI1NiIsInR5cCI6IkpXVCJ9.eyJqdGkiOiJiYTY2NTgwNS0xN2ZiLTRkMzctYTk2Ni0xZWRmZDIwNzFmZDgiLCJzdWIiOiIyMSIsInVzZXJJZCI6MjEsIm5pY2tuYW1lIjoibHRfdXNlcl8wMjEiLCJ0eXBlIjoiUkVGUkVTSCIsImlzcyI6IlFGZWVkIiwiaWF0IjoxNzcyMTE5NzgxLCJleHAiOjE3NzMzMjkzODEsImZhbWlseVV1aWQiOiIzYWI3NTkwNy00Zjc1LTQzZTctYWIzNC0yMWI2MTIzZDg4MTAifQ.2QAzurLqCvlxdtCD0dwEXujOehrZZfQY3DToZOgv-6o,VLOCktAVq009Ls82Fi0oJB6TA2X37Fmk3o08OrJ3KuU=,2026-02-26 15:29:41,2026-02-26 21:29:41,2026-03-12 15:29:41
22,lt_user_022,daaabf73-cc62-4f3a-86ac-efc5bc5283ca,eyJhbGciOiJIUzI1NiIsInR5cCI6IkpXVCJ9.eyJqdGkiOiIyZTc0OTNiZi0zZWE5LTQzNmQtODhlOC04ZGFlMGRlMjYwNWIiLCJzdWIiOiIyMiIsInVzZXJJZCI6MjIsIm5pY2tuYW1lIjoibHRfdXNlcl8wMjIiLCJ0eXBlIjoiQUNDRVNTIiwiaXNzIjoiUUZlZWQiLCJpYXQiOjE3NzIxMTk3ODEsImV4cCI6MTc3MjE0MTM4MSwicm9sZXMiOlsiUk9MRV9VU0VSIl19.C1eJ4ugHcfEX9M5C5--ybwtXNwlGfC-4K1P_rjDw0H8,eyJhbGciOiJIUzI1NiIsInR5cCI6IkpXVCJ9.eyJqdGkiOiI0MDhlNDE5Zi1hZDhmLTQyODAtYjZlYS00YjdkMzNmM2E4NDgiLCJzdWIiOiIyMiIsInVzZXJJZCI6MjIsIm5pY2tuYW1lIjoibHRfdXNlcl8wMjIiLCJ0eXBlIjoiUkVGUkVTSCIsImlzcyI6IlFGZWVkIiwiaWF0IjoxNzcyMTE5NzgxLCJleHAiOjE3NzMzMjkzODEsImZhbWlseVV1aWQiOiJkYWFhYmY3My1jYzYyLTRmM2EtODZhYy1lZmM1YmM1MjgzY2EifQ.natoj8n-Lp_7XgOObJnmvcMeX502fvaPBh9Uq9HFXF8,0Xx1dlivTias5OBgXcOXFGCa3pA0l1wUF/9qYSQKdrs=,2026-02-26 15:29:41,2026-02-26 21:29:41,2026-03-12 15:29:41
23,lt_user_023,70968c25-330e-4966-9e4d-185e1e88adda,eyJhbGciOiJIUzI1NiIsInR5cCI6IkpXVCJ9.eyJqdGkiOiI2ZjFmYmNlNi1lZmRjLTQwNzAtYWM2OC05MWJhNDVlZTU0OTIiLCJzdWIiOiIyMyIsInVzZXJJZCI6MjMsIm5pY2tuYW1lIjoibHRfdXNlcl8wMjMiLCJ0eXBlIjoiQUNDRVNTIiwiaXNzIjoiUUZlZWQiLCJpYXQiOjE3NzIxMTk3ODEsImV4cCI6MTc3MjE0MTM4MSwicm9sZXMiOlsiUk9MRV9VU0VSIl19.62r3xcDJZ6w-RctUGQfl1JDEx1TImoLuscuVIVqKh7M,eyJhbGciOiJIUzI1NiIsInR5cCI6IkpXVCJ9.eyJqdGkiOiI3N2RiZmMyYS1iMDJlLTRkYjEtYTBkYi0xMjEzYzBjZjg0MzUiLCJzdWIiOiIyMyIsInVzZXJJZCI6MjMsIm5pY2tuYW1lIjoibHRfdXNlcl8wMjMiLCJ0eXBlIjoiUkVGUkVTSCIsImlzcyI6IlFGZWVkIiwiaWF0IjoxNzcyMTE5NzgxLCJleHAiOjE3NzMzMjkzODEsImZhbWlseVV1aWQiOiI3MDk2OGMyNS0zMzBlLTQ5NjYtOWU0ZC0xODVlMWU4OGFkZGEifQ.__CkffmsAEoxaPmzeD5NwhxKBHDf2GBcp7vLqrwGQjw,DVUFiNWET8VERIJNEhJWUDTYRHYqVmsBRPfG0R0fTXI=,2026-02-26 15:29:41,2026-02-26 21:29:41,2026-03-12 15:29:41
24,lt_user_024,d144230d-b47a-41a9-a87e-4b1de7f9e3da,eyJhbGciOiJIUzI1NiIsInR5cCI6IkpXVCJ9.eyJqdGkiOiIyMjMxYmFjMS04NWU5LTRiMDEtOGU0Ni03NmUzNTA5NmY1MGMiLCJzdWIiOiIyNCIsInVzZXJJZCI6MjQsIm5pY2tuYW1lIjoibHRfdXNlcl8wMjQiLCJ0eXBlIjoiQUNDRVNTIiwiaXNzIjoiUUZlZWQiLCJpYXQiOjE3NzIxMTk3ODEsImV4cCI6MTc3MjE0MTM4MSwicm9sZXMiOlsiUk9MRV9VU0VSIl19.bCYtZCn58itmH_ciNPTpnufaCqH3DilQMWj9GIVITtQ,eyJhbGciOiJIUzI1NiIsInR5cCI6IkpXVCJ9.eyJqdGkiOiJjYTMwNWZjMi0yOGJlLTRiZWYtYmM3Yi02MDg4NjEyY2FlYTUiLCJzdWIiOiIyNCIsInVzZXJJZCI6MjQsIm5pY2tuYW1lIjoibHRfdXNlcl8wMjQiLCJ0eXBlIjoiUkVGUkVTSCIsImlzcyI6IlFGZWVkIiwiaWF0IjoxNzcyMTE5NzgxLCJleHAiOjE3NzMzMjkzODEsImZhbWlseVV1aWQiOiJkMTQ0MjMwZC1iNDdhLTQxYTktYTg3ZS00YjFkZTdmOWUzZGEifQ.htQa259qnQIrX_FXFQoueY1f53DNCM7YKyJA2N5el7I,Gi8LssC4jYUcFp41HtDs0C8Qg2bV+pIR0nKYwbtxiCk=,2026-02-26 15:29:41,2026-02-26 21:29:41,2026-03-12 15:29:41
25,lt_user_025,f740336f-e996-4b48-9d43-35a78ef4b4d4,eyJhbGciOiJIUzI1NiIsInR5cCI6IkpXVCJ9.eyJqdGkiOiIyZTg4YWJiOS0wMTFkLTQ1MzYtOWIxMi05NGY1NWE5NjBjZjYiLCJzdWIiOiIyNSIsInVzZXJJZCI6MjUsIm5pY2tuYW1lIjoibHRfdXNlcl8wMjUiLCJ0eXBlIjoiQUNDRVNTIiwiaXNzIjoiUUZlZWQiLCJpYXQiOjE3NzIxMTk3ODEsImV4cCI6MTc3MjE0MTM4MSwicm9sZXMiOlsiUk9MRV9VU0VSIl19.RmeKwXMnNP4YKFGF0El_l9ez3iLYfoKDqJLkeHSNRcA,eyJhbGciOiJIUzI1NiIsInR5cCI6IkpXVCJ9.eyJqdGkiOiJjOGE5N2NlOC00OTAxLTQwMzMtOWFmZi0yOTViYWYxMDE5ZTAiLCJzdWIiOiIyNSIsInVzZXJJZCI6MjUsIm5pY2tuYW1lIjoibHRfdXNlcl8wMjUiLCJ0eXBlIjoiUkVGUkVTSCIsImlzcyI6IlFGZWVkIiwiaWF0IjoxNzcyMTE5NzgxLCJleHAiOjE3NzMzMjkzODEsImZhbWlseVV1aWQiOiJmNzQwMzM2Zi1lOTk2LTRiNDgtOWQ0My0zNWE3OGVmNGI0ZDQifQ.eEYWFX7o7ZrDQl7ePUS-0aX062jrLEP93vkYlNeWAIA,6EdRdJkX99u2OhKMjOT4aaLlBANslLvoiqlWCEYpIKI=,2026-02-26 15:29:41,2026-02-26 21:29:41,2026-03-12 15:29:41
26,lt_user_026,3fe9a073-6f54-4955-8c54-382954ba2667,eyJhbGciOiJIUzI1NiIsInR5cCI6IkpXVCJ9.eyJqdGkiOiI3MjM3NDY1ZS1jNzJhLTRkOGYtYjcwMC1kNWY4MDA0MzlhZjQiLCJzdWIiOiIyNiIsInVzZXJJZCI6MjYsIm5pY2tuYW1lIjoibHRfdXNlcl8wMjYiLCJ0eXBlIjoiQUNDRVNTIiwiaXNzIjoiUUZlZWQiLCJpYXQiOjE3NzIxMTk3ODEsImV4cCI6MTc3MjE0MTM4MSwicm9sZXMiOlsiUk9MRV9VU0VSIl19.CtKd1_cDNht-cyyeQhyiDK38nvIG0oLH6LUjBLjazG0,eyJhbGciOiJIUzI1NiIsInR5cCI6IkpXVCJ9.eyJqdGkiOiJmNjA2ZjI3Mi1iODk2LTRiMTYtYTljMi04YmQ2MjFmZWI0YzYiLCJzdWIiOiIyNiIsInVzZXJJZCI6MjYsIm5pY2tuYW1lIjoibHRfdXNlcl8wMjYiLCJ0eXBlIjoiUkVGUkVTSCIsImlzcyI6IlFGZWVkIiwiaWF0IjoxNzcyMTE5NzgxLCJleHAiOjE3NzMzMjkzODEsImZhbWlseVV1aWQiOiIzZmU5YTA3My02ZjU0LTQ5NTUtOGM1NC0zODI5NTRiYTI2NjcifQ.xuq4RVN2FZ61_6fw4FU10KxOa4y1nAbCiTDZSn28U18,fqKy93q6ytJ/RQUuJPSBmYtf352cap98IX44/jbueiE=,2026-02-26 15:29:41,2026-02-26 21:29:41,2026-03-12 15:29:41
27,lt_user_027,be7bb74e-df32-4c19-a64a-77f9c6f28617,eyJhbGciOiJIUzI1NiIsInR5cCI6IkpXVCJ9.eyJqdGkiOiJiNWIwOTYzYi0yNDMwLTQyMTMtYjYzMy05NTg2ZDA1Y2E5MTYiLCJzdWIiOiIyNyIsInVzZXJJZCI6MjcsIm5pY2tuYW1lIjoibHRfdXNlcl8wMjciLCJ0eXBlIjoiQUNDRVNTIiwiaXNzIjoiUUZlZWQiLCJpYXQiOjE3NzIxMTk3ODEsImV4cCI6MTc3MjE0MTM4MSwicm9sZXMiOlsiUk9MRV9VU0VSIl19.dvz51tdETdXPMjgOIYSuGoeVv7w_rRwr8UtuxlgH5FQ,eyJhbGciOiJIUzI1NiIsInR5cCI6IkpXVCJ9.eyJqdGkiOiJkMjU4NWVkYy1jOGU2LTQ2M2UtYjhiZS1lMTRiYzYwZDlhZTAiLCJzdWIiOiIyNyIsInVzZXJJZCI6MjcsIm5pY2tuYW1lIjoibHRfdXNlcl8wMjciLCJ0eXBlIjoiUkVGUkVTSCIsImlzcyI6IlFGZWVkIiwiaWF0IjoxNzcyMTE5NzgxLCJleHAiOjE3NzMzMjkzODEsImZhbWlseVV1aWQiOiJiZTdiYjc0ZS1kZjMyLTRjMTktYTY0YS03N2Y5YzZmMjg2MTcifQ.jg8FjxH8JmjSqm7FZP2TMqWryovrio4DA67jQs2bNm4,7d6tXsDb02mK+dQs++2byz1NMxy9hBGUIPIg3ZbMA3E=,2026-02-26 15:29:41,2026-02-26 21:29:41,2026-03-12 15:29:41
28,lt_user_028,18082005-94c6-4634-a7fb-c1684ba3a6e4,eyJhbGciOiJIUzI1NiIsInR5cCI6IkpXVCJ9.eyJqdGkiOiI2NWFiOTQ3OS01NDZkLTQxNzQtYWY2Ni05NzdjMzJjYzNhNWYiLCJzdWIiOiIyOCIsInVzZXJJZCI6MjgsIm5pY2tuYW1lIjoibHRfdXNlcl8wMjgiLCJ0eXBlIjoiQUNDRVNTIiwiaXNzIjoiUUZlZWQiLCJpYXQiOjE3NzIxMTk3ODEsImV4cCI6MTc3MjE0MTM4MSwicm9sZXMiOlsiUk9MRV9VU0VSIl19.fFN1ELj7l-GmSbGza-nBvOSe4PZXr6m5IhgquiL-aHw,eyJhbGciOiJIUzI1NiIsInR5cCI6IkpXVCJ9.eyJqdGkiOiI1YTQzMGE1YS00YTlmLTRmYTYtODNlYS04M2IyYjMzZDE4NDAiLCJzdWIiOiIyOCIsInVzZXJJZCI6MjgsIm5pY2tuYW1lIjoibHRfdXNlcl8wMjgiLCJ0eXBlIjoiUkVGUkVTSCIsImlzcyI6IlFGZWVkIiwiaWF0IjoxNzcyMTE5NzgxLCJleHAiOjE3NzMzMjkzODEsImZhbWlseVV1aWQiOiIxODA4MjAwNS05NGM2LTQ2MzQtYTdmYi1jMTY4NGJhM2E2ZTQifQ.SeITjdBBhloX1xD0dWDVTzrSUDeLeYRHdWKOESg76ng,AmWxsVMrXB8nKcmfnLUd+mTeeEBipvO6ygDtO/1ABeM=,2026-02-26 15:29:41,2026-02-26 21:29:41,2026-03-12 15:29:41
29,lt_user_029,3ce5208e-dc4d-478a-aecc-5d92f1b3ffab,eyJhbGciOiJIUzI1NiIsInR5cCI6IkpXVCJ9.eyJqdGkiOiIyYjE1MTJhNy01MjJjLTRlYjMtYmRhYi0xNTZlNjZhZGMxODAiLCJzdWIiOiIyOSIsInVzZXJJZCI6MjksIm5pY2tuYW1lIjoibHRfdXNlcl8wMjkiLCJ0eXBlIjoiQUNDRVNTIiwiaXNzIjoiUUZlZWQiLCJpYXQiOjE3NzIxMTk3ODEsImV4cCI6MTc3MjE0MTM4MSwicm9sZXMiOlsiUk9MRV9VU0VSIl19.-IiRfddjz3XL0lm5nNJv9z-HYMlaHhtbdRWcZ1Y68kQ,eyJhbGciOiJIUzI1NiIsInR5cCI6IkpXVCJ9.eyJqdGkiOiJlY2ZiMzdhZC04Njk4LTRjZWUtODRjNC1lMzg3ZWM3ZmE5ZTIiLCJzdWIiOiIyOSIsInVzZXJJZCI6MjksIm5pY2tuYW1lIjoibHRfdXNlcl8wMjkiLCJ0eXBlIjoiUkVGUkVTSCIsImlzcyI6IlFGZWVkIiwiaWF0IjoxNzcyMTE5NzgxLCJleHAiOjE3NzMzMjkzODEsImZhbWlseVV1aWQiOiIzY2U1MjA4ZS1kYzRkLTQ3OGEtYWVjYy01ZDkyZjFiM2ZmYWIifQ.-h5LiDcsQoRGyyYbAWnXOSfOSkhJHPgkXeB0zU2eSd8,M7jAeMEKEBwteDk2ipgywUaaY/0zAqN9yWl347LWP8Q=,2026-02-26 15:29:41,2026-02-26 21:29:41,2026-03-12 15:29:41
30,lt_user_030,c30efd74-ff39-40be-8701-e2367a66fd42,eyJhbGciOiJIUzI1NiIsInR5cCI6IkpXVCJ9.eyJqdGkiOiI2ZmI1MzFjZi1lMGMzLTQyOTMtOWU3OC1mNmVjNmY3NTE1ZTIiLCJzdWIiOiIzMCIsInVzZXJJZCI6MzAsIm5pY2tuYW1lIjoibHRfdXNlcl8wMzAiLCJ0eXBlIjoiQUNDRVNTIiwiaXNzIjoiUUZlZWQiLCJpYXQiOjE3NzIxMTk3ODEsImV4cCI6MTc3MjE0MTM4MSwicm9sZXMiOlsiUk9MRV9VU0VSIl19.ofpVjvSDjpSFrkNtO6SFGkmvcFgWeEl23QL2oSOb6vs,eyJhbGciOiJIUzI1NiIsInR5cCI6IkpXVCJ9.eyJqdGkiOiJlYWVmNzEwZi1lNzVkLTQxNDAtOWU4NC0zOGZmNTRlYmExNWEiLCJzdWIiOiIzMCIsInVzZXJJZCI6MzAsIm5pY2tuYW1lIjoibHRfdXNlcl8wMzAiLCJ0eXBlIjoiUkVGUkVTSCIsImlzcyI6IlFGZWVkIiwiaWF0IjoxNzcyMTE5NzgxLCJleHAiOjE3NzMzMjkzODEsImZhbWlseVV1aWQiOiJjMzBlZmQ3NC1mZjM5LTQwYmUtODcwMS1lMjM2N2E2NmZkNDIifQ.fBp6ObCr84lczJjxHwWjeYunc2dkgRgNGvlA3jpIF0k,B05fthkmv4JFq/cLdvgQmLs4D0ON8W7HMO9pO5PNXTg=,2026-02-26 15:29:41,2026-02-26 21:29:41,2026-03-12 15:29:41
31,lt_user_031,468bed18-a7bd-4caf-b979-01d98c800017,eyJhbGciOiJIUzI1NiIsInR5cCI6IkpXVCJ9.eyJqdGkiOiJmYTg1ZjdjOS1kOGExLTQwOGEtYTg0Ni1jNzQyMmQzNDUzYmMiLCJzdWIiOiIzMSIsInVzZXJJZCI6MzEsIm5pY2tuYW1lIjoibHRfdXNlcl8wMzEiLCJ0eXBlIjoiQUNDRVNTIiwiaXNzIjoiUUZlZWQiLCJpYXQiOjE3NzIxMTk3ODEsImV4cCI6MTc3MjE0MTM4MSwicm9sZXMiOlsiUk9MRV9VU0VSIl19.Ot9pDhlLPqY0141Z681ydHiv43crKpgmih5UPxzYOpk,eyJhbGciOiJIUzI1NiIsInR5cCI6IkpXVCJ9.eyJqdGkiOiJhMWZiOTVkNy0wMmRjLTQ3MTAtYWZiZC0yMjFmMGU4OGQwNGQiLCJzdWIiOiIzMSIsInVzZXJJZCI6MzEsIm5pY2tuYW1lIjoibHRfdXNlcl8wMzEiLCJ0eXBlIjoiUkVGUkVTSCIsImlzcyI6IlFGZWVkIiwiaWF0IjoxNzcyMTE5NzgxLCJleHAiOjE3NzMzMjkzODEsImZhbWlseVV1aWQiOiI0NjhiZWQxOC1hN2JkLTRjYWYtYjk3OS0wMWQ5OGM4MDAwMTcifQ.ZwR28mm2XpXjxzLBWplhRGAAomgoOsdTw4Fvd7kFUBc,l+kAwkzHL0bUTeN3MyTUFNtrvmVRwxssu/6YGL0TyDM=,2026-02-26 15:29:41,2026-02-26 21:29:41,2026-03-12 15:29:41
32,lt_user_032,2c2ad139-c0a6-4045-9cc8-f07911c78ce4,eyJhbGciOiJIUzI1NiIsInR5cCI6IkpXVCJ9.eyJqdGkiOiJlMDMxNGUyZi05NzE0LTQxNTctYTY5MC0yNzNjNmIyOGY0MDEiLCJzdWIiOiIzMiIsInVzZXJJZCI6MzIsIm5pY2tuYW1lIjoibHRfdXNlcl8wMzIiLCJ0eXBlIjoiQUNDRVNTIiwiaXNzIjoiUUZlZWQiLCJpYXQiOjE3NzIxMTk3ODEsImV4cCI6MTc3MjE0MTM4MSwicm9sZXMiOlsiUk9MRV9VU0VSIl19.brcgLcxzv5ioxhcFJ7U2GlIHH4r3ezAUByyvbIXppag,eyJhbGciOiJIUzI1NiIsInR5cCI6IkpXVCJ9.eyJqdGkiOiIwNDA5Nzg5ZS1kMTZlLTQ5OTItYmJkYi0wNDFjYjdjYjgwM2IiLCJzdWIiOiIzMiIsInVzZXJJZCI6MzIsIm5pY2tuYW1lIjoibHRfdXNlcl8wMzIiLCJ0eXBlIjoiUkVGUkVTSCIsImlzcyI6IlFGZWVkIiwiaWF0IjoxNzcyMTE5NzgxLCJleHAiOjE3NzMzMjkzODEsImZhbWlseVV1aWQiOiIyYzJhZDEzOS1jMGE2LTQwNDUtOWNjOC1mMDc5MTFjNzhjZTQifQ.sT5kvlVvKnKQmyguO5N8Zc5JYkBfuhfVtn6c2ddwfYE,LaCZep8qcat9mRrjfbd9IKJSRhHw6RitMVstnE/JZ6M=,2026-02-26 15:29:41,2026-02-26 21:29:41,2026-03-12 15:29:41
33,lt_user_033,5c9ce224-95b1-46e9-a5e2-c0dcd990e03c,eyJhbGciOiJIUzI1NiIsInR5cCI6IkpXVCJ9.eyJqdGkiOiJiMTMxNDEyOC03Y2FiLTQ1M2YtYjNhZC1mNDAwNWU3MDNhNzIiLCJzdWIiOiIzMyIsInVzZXJJZCI6MzMsIm5pY2tuYW1lIjoibHRfdXNlcl8wMzMiLCJ0eXBlIjoiQUNDRVNTIiwiaXNzIjoiUUZlZWQiLCJpYXQiOjE3NzIxMTk3ODEsImV4cCI6MTc3MjE0MTM4MSwicm9sZXMiOlsiUk9MRV9VU0VSIl19.nI30AOD98Uf8Vxz4SMynRfkJ150gbYabDP3uPIsbdLk,eyJhbGciOiJIUzI1NiIsInR5cCI6IkpXVCJ9.eyJqdGkiOiI4MTE5YTRiNi04ZTc0LTQ1ZDYtYjU4MS1mYjdiMmFjNGVjMzIiLCJzdWIiOiIzMyIsInVzZXJJZCI6MzMsIm5pY2tuYW1lIjoibHRfdXNlcl8wMzMiLCJ0eXBlIjoiUkVGUkVTSCIsImlzcyI6IlFGZWVkIiwiaWF0IjoxNzcyMTE5NzgxLCJleHAiOjE3NzMzMjkzODEsImZhbWlseVV1aWQiOiI1YzljZTIyNC05NWIxLTQ2ZTktYTVlMi1jMGRjZDk5MGUwM2MifQ.5WuVKiFKB15TQL3XzL8uA0xeLfovu8J1WVWXzOaxxVQ,38kO1j3V85WWU5+b6VtFszYbCjVCDXUJsuW4/VK4Of8=,2026-02-26 15:29:41,2026-02-26 21:29:41,2026-03-12 15:29:41
34,lt_user_034,999f54bf-fd52-4052-b61e-a9aabd0653d9,eyJhbGciOiJIUzI1NiIsInR5cCI6IkpXVCJ9.eyJqdGkiOiI5ZTRiMDkxZi1kZjkwLTQxNGUtYTViMS05ZDQyMWRkMDdjNWYiLCJzdWIiOiIzNCIsInVzZXJJZCI6MzQsIm5pY2tuYW1lIjoibHRfdXNlcl8wMzQiLCJ0eXBlIjoiQUNDRVNTIiwiaXNzIjoiUUZlZWQiLCJpYXQiOjE3NzIxMTk3ODEsImV4cCI6MTc3MjE0MTM4MSwicm9sZXMiOlsiUk9MRV9VU0VSIl19.SIY8cx4-IsiSV5TRyOjG7TX6bxEebvXwqzFuT8po1Ew,eyJhbGciOiJIUzI1NiIsInR5cCI6IkpXVCJ9.eyJqdGkiOiI5NjA1MWQ1OS1mMmY3LTRlODEtOGEzNS1jODUyYjgxYzhjYTkiLCJzdWIiOiIzNCIsInVzZXJJZCI6MzQsIm5pY2tuYW1lIjoibHRfdXNlcl8wMzQiLCJ0eXBlIjoiUkVGUkVTSCIsImlzcyI6IlFGZWVkIiwiaWF0IjoxNzcyMTE5NzgxLCJleHAiOjE3NzMzMjkzODEsImZhbWlseVV1aWQiOiI5OTlmNTRiZi1mZDUyLTQwNTItYjYxZS1hOWFhYmQwNjUzZDkifQ.CwtzZ3jCJI294iFIwqLMESEwUjYF9iFBa7DIYxjOyhY,vGDcYYBAVAWWUWsb/mVjKLdHVksX3qFOydwr1H5JNAA=,2026-02-26 15:29:41,2026-02-26 21:29:41,2026-03-12 15:29:41
35,lt_user_035,66ef0537-67dd-46f9-b73a-918fddee37a0,eyJhbGciOiJIUzI1NiIsInR5cCI6IkpXVCJ9.eyJqdGkiOiI3NDBlYWZlYS1iZmQxLTRkMjQtODk4NC01ODUwNmIwOGNiNjgiLCJzdWIiOiIzNSIsInVzZXJJZCI6MzUsIm5pY2tuYW1lIjoibHRfdXNlcl8wMzUiLCJ0eXBlIjoiQUNDRVNTIiwiaXNzIjoiUUZlZWQiLCJpYXQiOjE3NzIxMTk3ODEsImV4cCI6MTc3MjE0MTM4MSwicm9sZXMiOlsiUk9MRV9VU0VSIl19.z11acGjnwz5EObSx27nWADOmgm1pAWDcILltfa3mlB4,eyJhbGciOiJIUzI1NiIsInR5cCI6IkpXVCJ9.eyJqdGkiOiJmOGYwZDAyNi1hOTRmLTQzYWEtYTkxNi1iNzc1ZGZmNWE5MDkiLCJzdWIiOiIzNSIsInVzZXJJZCI6MzUsIm5pY2tuYW1lIjoibHRfdXNlcl8wMzUiLCJ0eXBlIjoiUkVGUkVTSCIsImlzcyI6IlFGZWVkIiwiaWF0IjoxNzcyMTE5NzgxLCJleHAiOjE3NzMzMjkzODEsImZhbWlseVV1aWQiOiI2NmVmMDUzNy02N2RkLTQ2ZjktYjczYS05MThmZGRlZTM3YTAifQ.rkTb1W5Dx9vcvJQHehb87Hof-N8qWPXb_ttWsBWVUSY,FPQbqz/x6+wUlYxpFHDIiluEm0aKm8V6/Qe08uaLZPQ=,2026-02-26 15:29:41,2026-02-26 21:29:41,2026-03-12 15:29:41
36,lt_user_036,f1d6f8fa-a958-4ece-b5ca-ffc551450e7b,eyJhbGciOiJIUzI1NiIsInR5cCI6IkpXVCJ9.eyJqdGkiOiI0NWM4MmJiYi1jY2FhLTQ4MzUtYWQ5Ny1kNWFiZDczZjhhOTEiLCJzdWIiOiIzNiIsInVzZXJJZCI6MzYsIm5pY2tuYW1lIjoibHRfdXNlcl8wMzYiLCJ0eXBlIjoiQUNDRVNTIiwiaXNzIjoiUUZlZWQiLCJpYXQiOjE3NzIxMTk3ODEsImV4cCI6MTc3MjE0MTM4MSwicm9sZXMiOlsiUk9MRV9VU0VSIl19.aMy5YpRWZ1fpPQvICDtJmexbKcUmMQRVI8FluEt7ayY,eyJhbGciOiJIUzI1NiIsInR5cCI6IkpXVCJ9.eyJqdGkiOiJhNzZhNmEwYi02Mzk4LTRiZjgtYjk5Zi0zZDZmNWNhYzQ5NTkiLCJzdWIiOiIzNiIsInVzZXJJZCI6MzYsIm5pY2tuYW1lIjoibHRfdXNlcl8wMzYiLCJ0eXBlIjoiUkVGUkVTSCIsImlzcyI6IlFGZWVkIiwiaWF0IjoxNzcyMTE5NzgxLCJleHAiOjE3NzMzMjkzODEsImZhbWlseVV1aWQiOiJmMWQ2ZjhmYS1hOTU4LTRlY2UtYjVjYS1mZmM1NTE0NTBlN2IifQ.qJmTj0SnpQrKnqYHz0moAaFTFnR8TOZIUOB1PzM7eJA,jf7305kY7Xri4yyaZ9oYDYuR6MJWG0XI0588C6NVxH4=,2026-02-26 15:29:41,2026-02-26 21:29:41,2026-03-12 15:29:41
37,lt_user_037,64eddd6c-88e2-431f-8c6c-ededc99d517d,eyJhbGciOiJIUzI1NiIsInR5cCI6IkpXVCJ9.eyJqdGkiOiJiZDYxMGJhYS00MGRmLTRlYjktYTJmMS0yZTM4MTgxODk3YTAiLCJzdWIiOiIzNyIsInVzZXJJZCI6MzcsIm5pY2tuYW1lIjoibHRfdXNlcl8wMzciLCJ0eXBlIjoiQUNDRVNTIiwiaXNzIjoiUUZlZWQiLCJpYXQiOjE3NzIxMTk3ODEsImV4cCI6MTc3MjE0MTM4MSwicm9sZXMiOlsiUk9MRV9VU0VSIl19.LQF6Hqy81wYynKxzvw2dLCOA1VHJhtK092DGRIxoZk4,eyJhbGciOiJIUzI1NiIsInR5cCI6IkpXVCJ9.eyJqdGkiOiJkZjQ3ZmQ5OC1lNTM0LTQ1MjUtOWEzYi1hYjJiODk3MzExNzkiLCJzdWIiOiIzNyIsInVzZXJJZCI6MzcsIm5pY2tuYW1lIjoibHRfdXNlcl8wMzciLCJ0eXBlIjoiUkVGUkVTSCIsImlzcyI6IlFGZWVkIiwiaWF0IjoxNzcyMTE5NzgxLCJleHAiOjE3NzMzMjkzODEsImZhbWlseVV1aWQiOiI2NGVkZGQ2Yy04OGUyLTQzMWYtOGM2Yy1lZGVkYzk5ZDUxN2QifQ.XcY0bPyLf1Ms5ex4UWmapZmi9jKjUr4fhPGEXCXnbL4,hqG4UZqHZrtnR6K45OIMR8Iy6+Cxe6dbEDJhGv6yuEI=,2026-02-26 15:29:41,2026-02-26 21:29:41,2026-03-12 15:29:41
38,lt_user_038,cbafae4c-523a-4375-a91d-5cfe8c119bd3,eyJhbGciOiJIUzI1NiIsInR5cCI6IkpXVCJ9.eyJqdGkiOiI4YTU3MmFhNy0xYTlkLTQ0ZWMtYjQ1Zi03ZTFhYzNiOTRhYzUiLCJzdWIiOiIzOCIsInVzZXJJZCI6MzgsIm5pY2tuYW1lIjoibHRfdXNlcl8wMzgiLCJ0eXBlIjoiQUNDRVNTIiwiaXNzIjoiUUZlZWQiLCJpYXQiOjE3NzIxMTk3ODEsImV4cCI6MTc3MjE0MTM4MSwicm9sZXMiOlsiUk9MRV9VU0VSIl19.SuQn-9osjPYwVon6ioIyBhqHBd10oyH8fE8XatoSPQg,eyJhbGciOiJIUzI1NiIsInR5cCI6IkpXVCJ9.eyJqdGkiOiIzNWRlOWM1Ni1mOWE0LTRiYTAtYTk3MC05MWMzODQxZGMxNjciLCJzdWIiOiIzOCIsInVzZXJJZCI6MzgsIm5pY2tuYW1lIjoibHRfdXNlcl8wMzgiLCJ0eXBlIjoiUkVGUkVTSCIsImlzcyI6IlFGZWVkIiwiaWF0IjoxNzcyMTE5NzgxLCJleHAiOjE3NzMzMjkzODEsImZhbWlseVV1aWQiOiJjYmFmYWU0Yy01MjNhLTQzNzUtYTkxZC01Y2ZlOGMxMTliZDMifQ.3hiJ27zYRBE1MLhmbdFKD09xPw7HZreE1bWd0oPizKk,8stCDCAUScqAkoz2cN1UVOI0Kx0C6W+I2y9qt5mmU+g=,2026-02-26 15:29:41,2026-02-26 21:29:41,2026-03-12 15:29:41
39,lt_user_039,0dbebd55-0dfe-4d70-966f-315df4c13f94,eyJhbGciOiJIUzI1NiIsInR5cCI6IkpXVCJ9.eyJqdGkiOiIxNWYyMGQzMi0wNDRjLTRiOGItOWQxNy0yYTk0N2ViMzUwYjQiLCJzdWIiOiIzOSIsInVzZXJJZCI6MzksIm5pY2tuYW1lIjoibHRfdXNlcl8wMzkiLCJ0eXBlIjoiQUNDRVNTIiwiaXNzIjoiUUZlZWQiLCJpYXQiOjE3NzIxMTk3ODEsImV4cCI6MTc3MjE0MTM4MSwicm9sZXMiOlsiUk9MRV9VU0VSIl19.BBlx9LCcDHi-bEoMFXq1UkV_pOKS30M9_WcFZmuBYIA,eyJhbGciOiJIUzI1NiIsInR5cCI6IkpXVCJ9.eyJqdGkiOiJiZjIzYTUyZi01NjhiLTQ4OTgtYjYzZC02N2E0OWIyMTRlODYiLCJzdWIiOiIzOSIsInVzZXJJZCI6MzksIm5pY2tuYW1lIjoibHRfdXNlcl8wMzkiLCJ0eXBlIjoiUkVGUkVTSCIsImlzcyI6IlFGZWVkIiwiaWF0IjoxNzcyMTE5NzgxLCJleHAiOjE3NzMzMjkzODEsImZhbWlseVV1aWQiOiIwZGJlYmQ1NS0wZGZlLTRkNzAtOTY2Zi0zMTVkZjRjMTNmOTQifQ.PRgIBdCNOu9jXWM10q330aoPZlegBdv2QigZs_L4oNI,X8m2x+TazRiDU42V/HejJRpLNOJ5Ao1QD18dpysiDJ8=,2026-02-26 15:29:41,2026-02-26 21:29:41,2026-03-12 15:29:41
40,lt_user_040,71f78dc2-1602-4609-9a8b-feebafeaed25,eyJhbGciOiJIUzI1NiIsInR5cCI6IkpXVCJ9.eyJqdGkiOiJkYmEzODE3NS00YmMyLTQ2ZmMtOWI3OS01NjhhZDg3Njg4NmUiLCJzdWIiOiI0MCIsInVzZXJJZCI6NDAsIm5pY2tuYW1lIjoibHRfdXNlcl8wNDAiLCJ0eXBlIjoiQUNDRVNTIiwiaXNzIjoiUUZlZWQiLCJpYXQiOjE3NzIxMTk3ODEsImV4cCI6MTc3MjE0MTM4MSwicm9sZXMiOlsiUk9MRV9VU0VSIl19.eBPbcNRR4oGith6CpG-fvOQzYlKphQNWnpnpggBob0M,eyJhbGciOiJIUzI1NiIsInR5cCI6IkpXVCJ9.eyJqdGkiOiJjYTJiMDRjMS1jYWEwLTQ0NzQtYjYwNy1hNzg2MGJjZjhjOWQiLCJzdWIiOiI0MCIsInVzZXJJZCI6NDAsIm5pY2tuYW1lIjoibHRfdXNlcl8wNDAiLCJ0eXBlIjoiUkVGUkVTSCIsImlzcyI6IlFGZWVkIiwiaWF0IjoxNzcyMTE5NzgxLCJleHAiOjE3NzMzMjkzODEsImZhbWlseVV1aWQiOiI3MWY3OGRjMi0xNjAyLTQ2MDktOWE4Yi1mZWViYWZlYWVkMjUifQ.cxicflPDR2sOmUD-S9QTDfdgo9T9eH_zdrAd7Bs-Pqk,gn2KUI7PeKHrzR+/Cwb4+kIwrV8756YoDTyRLMZAqxI=,2026-02-26 15:29:41,2026-02-26 21:29:41,2026-03-12 15:29:41
41,lt_user_041,b9e0c820-1d82-4760-9f13-c42d8516e5ff,eyJhbGciOiJIUzI1NiIsInR5cCI6IkpXVCJ9.eyJqdGkiOiJhZDg2OGIyNy05MGZlLTQ0MjMtOTA5ZC0zNmE0Y2VhMjM3ZWEiLCJzdWIiOiI0MSIsInVzZXJJZCI6NDEsIm5pY2tuYW1lIjoibHRfdXNlcl8wNDEiLCJ0eXBlIjoiQUNDRVNTIiwiaXNzIjoiUUZlZWQiLCJpYXQiOjE3NzIxMTk3ODEsImV4cCI6MTc3MjE0MTM4MSwicm9sZXMiOlsiUk9MRV9VU0VSIl19.E6MGku5x0atjwXHBwmbgZjQ8KdjHmBycsX6909_0thI,eyJhbGciOiJIUzI1NiIsInR5cCI6IkpXVCJ9.eyJqdGkiOiI2Zjc1ODUzNS1iNDA4LTRlYzEtYTRmZC0zMGI4MjBmMGIxYzkiLCJzdWIiOiI0MSIsInVzZXJJZCI6NDEsIm5pY2tuYW1lIjoibHRfdXNlcl8wNDEiLCJ0eXBlIjoiUkVGUkVTSCIsImlzcyI6IlFGZWVkIiwiaWF0IjoxNzcyMTE5NzgxLCJleHAiOjE3NzMzMjkzODEsImZhbWlseVV1aWQiOiJiOWUwYzgyMC0xZDgyLTQ3NjAtOWYxMy1jNDJkODUxNmU1ZmYifQ.7S6tcXNryyceWjuzddEEevnETmeJvDNan0cJH2fVPE0,N7vHEjhUEiMKm0klorcmjEQSOaykKgZvu44ZDpMNUVY=,2026-02-26 15:29:41,2026-02-26 21:29:41,2026-03-12 15:29:41
42,lt_user_042,e8495680-3c4a-4bb8-b67d-ebb246a8e9c1,eyJhbGciOiJIUzI1NiIsInR5cCI6IkpXVCJ9.eyJqdGkiOiIyNDVjOTQyZC1iYmNiLTQ5MzQtYjZlNy1mNjJlNGRjZDQ3ZmUiLCJzdWIiOiI0MiIsInVzZXJJZCI6NDIsIm5pY2tuYW1lIjoibHRfdXNlcl8wNDIiLCJ0eXBlIjoiQUNDRVNTIiwiaXNzIjoiUUZlZWQiLCJpYXQiOjE3NzIxMTk3ODEsImV4cCI6MTc3MjE0MTM4MSwicm9sZXMiOlsiUk9MRV9VU0VSIl19.i2YM63w9u9f8pHdtUjZnSAxRzfwxDf2z4eWP-DIU2is,eyJhbGciOiJIUzI1NiIsInR5cCI6IkpXVCJ9.eyJqdGkiOiIxNGFmYTk4Mi1lYzk0LTQ5YmQtOGUwNC1mNzQzNjRlN2MzMTUiLCJzdWIiOiI0MiIsInVzZXJJZCI6NDIsIm5pY2tuYW1lIjoibHRfdXNlcl8wNDIiLCJ0eXBlIjoiUkVGUkVTSCIsImlzcyI6IlFGZWVkIiwiaWF0IjoxNzcyMTE5NzgxLCJleHAiOjE3NzMzMjkzODEsImZhbWlseVV1aWQiOiJlODQ5NTY4MC0zYzRhLTRiYjgtYjY3ZC1lYmIyNDZhOGU5YzEifQ.9gN_fNMliRriK_Vz4qb_wJQhW0YgNNKKfizDclenlgs,4fKxqTsEF20ewzwMNrc4AG2kduMALNf6c0TZAvEi0Z0=,2026-02-26 15:29:41,2026-02-26 21:29:41,2026-03-12 15:29:41
43,lt_user_043,d9f62b52-306a-4f56-b8c1-ac2bb6b42457,eyJhbGciOiJIUzI1NiIsInR5cCI6IkpXVCJ9.eyJqdGkiOiI2OWExZDFiNy1iMDAyLTQ1YTctOTBjYi1mYzU4ZmMxMDE0NzMiLCJzdWIiOiI0MyIsInVzZXJJZCI6NDMsIm5pY2tuYW1lIjoibHRfdXNlcl8wNDMiLCJ0eXBlIjoiQUNDRVNTIiwiaXNzIjoiUUZlZWQiLCJpYXQiOjE3NzIxMTk3ODEsImV4cCI6MTc3MjE0MTM4MSwicm9sZXMiOlsiUk9MRV9VU0VSIl19.HpTtWtlK2qnPxXXZWqqGydnhKjT31IoNv8ZBUrAMnCw,eyJhbGciOiJIUzI1NiIsInR5cCI6IkpXVCJ9.eyJqdGkiOiIwZmM5NDBhMC1iZjg4LTRhM2UtOGNiNC03OTk2M2EyMzQ0YTIiLCJzdWIiOiI0MyIsInVzZXJJZCI6NDMsIm5pY2tuYW1lIjoibHRfdXNlcl8wNDMiLCJ0eXBlIjoiUkVGUkVTSCIsImlzcyI6IlFGZWVkIiwiaWF0IjoxNzcyMTE5NzgxLCJleHAiOjE3NzMzMjkzODEsImZhbWlseVV1aWQiOiJkOWY2MmI1Mi0zMDZhLTRmNTYtYjhjMS1hYzJiYjZiNDI0NTcifQ.dhwz_Wrd-vTCgT-aBnTcuxO_yrZUvhu4rUbjkhvFWLM,soD8XeRFqH9zq39a7Q2s/tReDgqyqfDcOPFMjNmYFvQ=,2026-02-26 15:29:41,2026-02-26 21:29:41,2026-03-12 15:29:41
44,lt_user_044,71dd406e-57c7-4b9d-863f-9c1e05865172,eyJhbGciOiJIUzI1NiIsInR5cCI6IkpXVCJ9.eyJqdGkiOiJjMWEwZmUzMC02NmMyLTRmNWYtODlmMS0zNzgwYTQ4MTliMDUiLCJzdWIiOiI0NCIsInVzZXJJZCI6NDQsIm5pY2tuYW1lIjoibHRfdXNlcl8wNDQiLCJ0eXBlIjoiQUNDRVNTIiwiaXNzIjoiUUZlZWQiLCJpYXQiOjE3NzIxMTk3ODEsImV4cCI6MTc3MjE0MTM4MSwicm9sZXMiOlsiUk9MRV9VU0VSIl19.7Nq7oSl5WSzzuLvaw7k8dJbnf4-dtZOJQJXTLr6B2SE,eyJhbGciOiJIUzI1NiIsInR5cCI6IkpXVCJ9.eyJqdGkiOiJhNDZkZDYzMy0wMzdmLTQ5YTEtYTI0YS0wMGMwZDg3NWRkNjEiLCJzdWIiOiI0NCIsInVzZXJJZCI6NDQsIm5pY2tuYW1lIjoibHRfdXNlcl8wNDQiLCJ0eXBlIjoiUkVGUkVTSCIsImlzcyI6IlFGZWVkIiwiaWF0IjoxNzcyMTE5NzgxLCJleHAiOjE3NzMzMjkzODEsImZhbWlseVV1aWQiOiI3MWRkNDA2ZS01N2M3LTRiOWQtODYzZi05YzFlMDU4NjUxNzIifQ.KwbXNGu_6du6NfHDIhIFTo7NrHj5pelU0IR3cY5x8uE,N6c594/y3d1kawDz6RraBJ67U60qq3QYnyhrX29SH8M=,2026-02-26 15:29:41,2026-02-26 21:29:41,2026-03-12 15:29:41
45,lt_user_045,b596c3ae-a82f-45fc-a9df-64752defe606,eyJhbGciOiJIUzI1NiIsInR5cCI6IkpXVCJ9.eyJqdGkiOiJlMDdjZjAwNi1jMWQzLTQ1ZDAtYTEyMS0wN2IyM2FkYWE2MjEiLCJzdWIiOiI0NSIsInVzZXJJZCI6NDUsIm5pY2tuYW1lIjoibHRfdXNlcl8wNDUiLCJ0eXBlIjoiQUNDRVNTIiwiaXNzIjoiUUZlZWQiLCJpYXQiOjE3NzIxMTk3ODEsImV4cCI6MTc3MjE0MTM4MSwicm9sZXMiOlsiUk9MRV9VU0VSIl19.QRXkBLBHFrlqMa5HiMJ-xZbbQzn8h2vCIbLeXK5lgmQ,eyJhbGciOiJIUzI1NiIsInR5cCI6IkpXVCJ9.eyJqdGkiOiIxOTA4ZTgyZS1iY2E1LTRkZDYtYTJjNC1iYTM3ZmY0ZjMwNTkiLCJzdWIiOiI0NSIsInVzZXJJZCI6NDUsIm5pY2tuYW1lIjoibHRfdXNlcl8wNDUiLCJ0eXBlIjoiUkVGUkVTSCIsImlzcyI6IlFGZWVkIiwiaWF0IjoxNzcyMTE5NzgxLCJleHAiOjE3NzMzMjkzODEsImZhbWlseVV1aWQiOiJiNTk2YzNhZS1hODJmLTQ1ZmMtYTlkZi02NDc1MmRlZmU2MDYifQ.wQrbfwNFpe1Ok3qCOj5fMKNKGwAuLCVnGpyH27xGMbI,WBrhKLpWi+tNx6STAm4pH4uLt67u9zPYo8U2ZLw7oPM=,2026-02-26 15:29:41,2026-02-26 21:29:41,2026-03-12 15:29:41
46,lt_user_046,554daa2f-f6f1-43a0-ac9f-b23d65305cc6,eyJhbGciOiJIUzI1NiIsInR5cCI6IkpXVCJ9.eyJqdGkiOiJkMTJlNDZhMy1jZDc0LTQ2MjUtYWQzNS04NGI3Njk4ZTAxMDkiLCJzdWIiOiI0NiIsInVzZXJJZCI6NDYsIm5pY2tuYW1lIjoibHRfdXNlcl8wNDYiLCJ0eXBlIjoiQUNDRVNTIiwiaXNzIjoiUUZlZWQiLCJpYXQiOjE3NzIxMTk3ODEsImV4cCI6MTc3MjE0MTM4MSwicm9sZXMiOlsiUk9MRV9VU0VSIl19.rgTEeGAbTkmsBkU4lNSi90eCjxnnxw29bYyUpcb6Xl0,eyJhbGciOiJIUzI1NiIsInR5cCI6IkpXVCJ9.eyJqdGkiOiJjNzNlZDBhMC0wYzc2LTQwZDYtYmQ4My1hZGFmYzZjNmExOTMiLCJzdWIiOiI0NiIsInVzZXJJZCI6NDYsIm5pY2tuYW1lIjoibHRfdXNlcl8wNDYiLCJ0eXBlIjoiUkVGUkVTSCIsImlzcyI6IlFGZWVkIiwiaWF0IjoxNzcyMTE5NzgxLCJleHAiOjE3NzMzMjkzODEsImZhbWlseVV1aWQiOiI1NTRkYWEyZi1mNmYxLTQzYTAtYWM5Zi1iMjNkNjUzMDVjYzYifQ.zLL8iD0KIaHfpxMKPLsGjWqS1ayREA3jWLQpla_gb5Q,VGdTs/8GW6x+jP8/rRqnLKrRGzUZJma55a2SOydL3OU=,2026-02-26 15:29:41,2026-02-26 21:29:41,2026-03-12 15:29:41
47,lt_user_047,8f6ac294-8027-410f-9978-8f4affbcacae,eyJhbGciOiJIUzI1NiIsInR5cCI6IkpXVCJ9.eyJqdGkiOiIzMzI1ZjBhZi0yNmJhLTRiNDktYjlmMC0yNTMxZGQwZWJkM2MiLCJzdWIiOiI0NyIsInVzZXJJZCI6NDcsIm5pY2tuYW1lIjoibHRfdXNlcl8wNDciLCJ0eXBlIjoiQUNDRVNTIiwiaXNzIjoiUUZlZWQiLCJpYXQiOjE3NzIxMTk3ODEsImV4cCI6MTc3MjE0MTM4MSwicm9sZXMiOlsiUk9MRV9VU0VSIl19.meSOsUPCTP4f_sv-wywn351NXaAlqj4Tj069r7-XyOk,eyJhbGciOiJIUzI1NiIsInR5cCI6IkpXVCJ9.eyJqdGkiOiJmYjFkMTY4OS03MGFmLTQwOTUtYTkwNi1hMTdmM2JkNTY2NDEiLCJzdWIiOiI0NyIsInVzZXJJZCI6NDcsIm5pY2tuYW1lIjoibHRfdXNlcl8wNDciLCJ0eXBlIjoiUkVGUkVTSCIsImlzcyI6IlFGZWVkIiwiaWF0IjoxNzcyMTE5NzgxLCJleHAiOjE3NzMzMjkzODEsImZhbWlseVV1aWQiOiI4ZjZhYzI5NC04MDI3LTQxMGYtOTk3OC04ZjRhZmZiY2FjYWUifQ.NmMHJsWT2mUPCJsSpFGFmbaMtmVP9uJZuV2A2AJYhtM,90Bb0DPRqhKCV+xeM+dg5/z5FtzRAuObD+EAFvYD5YI=,2026-02-26 15:29:41,2026-02-26 21:29:41,2026-03-12 15:29:41
48,lt_user_048,05a7bf2f-bb93-4899-9b99-940bbf9fea66,eyJhbGciOiJIUzI1NiIsInR5cCI6IkpXVCJ9.eyJqdGkiOiJlNTliZWNjYy02OTUxLTRiZTEtYWQ4OS1lMzY3NDY5ZTM5YjIiLCJzdWIiOiI0OCIsInVzZXJJZCI6NDgsIm5pY2tuYW1lIjoibHRfdXNlcl8wNDgiLCJ0eXBlIjoiQUNDRVNTIiwiaXNzIjoiUUZlZWQiLCJpYXQiOjE3NzIxMTk3ODEsImV4cCI6MTc3MjE0MTM4MSwicm9sZXMiOlsiUk9MRV9VU0VSIl19.J8Aj9YS9MK84KCOEm3GpSjMS76IgE2WOoox6Nmdr1Yw,eyJhbGciOiJIUzI1NiIsInR5cCI6IkpXVCJ9.eyJqdGkiOiJhYmI1MmM4Yi1iNGNmLTQ2YzQtOTUyMy0xNTBlM2UyZDU4ZjgiLCJzdWIiOiI0OCIsInVzZXJJZCI6NDgsIm5pY2tuYW1lIjoibHRfdXNlcl8wNDgiLCJ0eXBlIjoiUkVGUkVTSCIsImlzcyI6IlFGZWVkIiwiaWF0IjoxNzcyMTE5NzgxLCJleHAiOjE3NzMzMjkzODEsImZhbWlseVV1aWQiOiIwNWE3YmYyZi1iYjkzLTQ4OTktOWI5OS05NDBiYmY5ZmVhNjYifQ.azrPypzAR5fmhKW8ZBOz2oMA-5TnN5sT774comHxrk4,vnri1KsM7PKUKxpnwMqetBOmDe99Q5vGXPzuoHgGL+I=,2026-02-26 15:29:41,2026-02-26 21:29:41,2026-03-12 15:29:41
49,lt_user_049,873d379e-8ef8-4ff1-8df9-6e160c34d47b,eyJhbGciOiJIUzI1NiIsInR5cCI6IkpXVCJ9.eyJqdGkiOiI4OGFlZTUzMS1hYzIzLTRhYzUtOTNiZC04NTE0ZWE0NGJkODgiLCJzdWIiOiI0OSIsInVzZXJJZCI6NDksIm5pY2tuYW1lIjoibHRfdXNlcl8wNDkiLCJ0eXBlIjoiQUNDRVNTIiwiaXNzIjoiUUZlZWQiLCJpYXQiOjE3NzIxMTk3ODEsImV4cCI6MTc3MjE0MTM4MSwicm9sZXMiOlsiUk9MRV9VU0VSIl19.Ca2Ff1QU8KIdpH8IwZlcKmSsSoNKavLjpFjsQBXKW54,eyJhbGciOiJIUzI1NiIsInR5cCI6IkpXVCJ9.eyJqdGkiOiI0NTU0MjY2NS1jY2I2LTRlODMtOTdhNy04OWRmNzdjNTlkMzkiLCJzdWIiOiI0OSIsInVzZXJJZCI6NDksIm5pY2tuYW1lIjoibHRfdXNlcl8wNDkiLCJ0eXBlIjoiUkVGUkVTSCIsImlzcyI6IlFGZWVkIiwiaWF0IjoxNzcyMTE5NzgxLCJleHAiOjE3NzMzMjkzODEsImZhbWlseVV1aWQiOiI4NzNkMzc5ZS04ZWY4LTRmZjEtOGRmOS02ZTE2MGMzNGQ0N2IifQ.Z9hk9c5X-DNH_KAcqxIPV64fSHFrnIxPeBLAB8LqmIM,E5iF3cs+z40vYdTLvLjrv79Hjv0gJDWleHT6lAF/My4=,2026-02-26 15:29:41,2026-02-26 21:29:41,2026-03-12 15:29:41
50,lt_user_050,6e55174e-6f09-47d1-97ee-e523f19b614a,eyJhbGciOiJIUzI1NiIsInR5cCI6IkpXVCJ9.eyJqdGkiOiJhODM5YmQ1OS1hNTEyLTQxN2EtOGY3NS00Mjg4MWM3ZTEyOTciLCJzdWIiOiI1MCIsInVzZXJJZCI6NTAsIm5pY2tuYW1lIjoibHRfdXNlcl8wNTAiLCJ0eXBlIjoiQUNDRVNTIiwiaXNzIjoiUUZlZWQiLCJpYXQiOjE3NzIxMTk3ODEsImV4cCI6MTc3MjE0MTM4MSwicm9sZXMiOlsiUk9MRV9VU0VSIl19.3OrX8h9q1_LxDNwDzJ-oW55W8VTRILpM4hbOI6C0BpQ,eyJhbGciOiJIUzI1NiIsInR5cCI6IkpXVCJ9.eyJqdGkiOiIzYzczYjljNi0wMTUwLTRkZGMtODYyYy0wYWJmM2Q2YmY0NWQiLCJzdWIiOiI1MCIsInVzZXJJZCI6NTAsIm5pY2tuYW1lIjoibHRfdXNlcl8wNTAiLCJ0eXBlIjoiUkVGUkVTSCIsImlzcyI6IlFGZWVkIiwiaWF0IjoxNzcyMTE5NzgxLCJleHAiOjE3NzMzMjkzODEsImZhbWlseVV1aWQiOiI2ZTU1MTc0ZS02ZjA5LTQ3ZDEtOTdlZS1lNTIzZjE5YjYxNGEifQ.eMwMBk422YeYItKH3Sp7IL379QUv9HkvVouxQaV6znk,+0MomX9k1Hfat2RtArYzy59E5dnH04ltplINHjb1GlU=,2026-02-26 15:29:41,2026-02-26 21:29:41,2026-03-12 15:29:41
51,lt_user_051,6a86b418-02af-445d-80bd-f5d23d21644f,eyJhbGciOiJIUzI1NiIsInR5cCI6IkpXVCJ9.eyJqdGkiOiIyMGM4MDI1Mi03YmE3LTQ1MWUtOWIxMy00MWNiNGMzMjNjNmYiLCJzdWIiOiI1MSIsInVzZXJJZCI6NTEsIm5pY2tuYW1lIjoibHRfdXNlcl8wNTEiLCJ0eXBlIjoiQUNDRVNTIiwiaXNzIjoiUUZlZWQiLCJpYXQiOjE3NzIxMTk3ODEsImV4cCI6MTc3MjE0MTM4MSwicm9sZXMiOlsiUk9MRV9VU0VSIl19.o4UsE-G-ncW1yPgbYbS1CjAskDAF9uOl0e94_5ZHJVA,eyJhbGciOiJIUzI1NiIsInR5cCI6IkpXVCJ9.eyJqdGkiOiJhYTQ0Yzg5Ny02YzM1LTRlMzQtOWRiZC1kNjliZmVkOTU3NzAiLCJzdWIiOiI1MSIsInVzZXJJZCI6NTEsIm5pY2tuYW1lIjoibHRfdXNlcl8wNTEiLCJ0eXBlIjoiUkVGUkVTSCIsImlzcyI6IlFGZWVkIiwiaWF0IjoxNzcyMTE5NzgxLCJleHAiOjE3NzMzMjkzODEsImZhbWlseVV1aWQiOiI2YTg2YjQxOC0wMmFmLTQ0NWQtODBiZC1mNWQyM2QyMTY0NGYifQ.G8BVRHchTMstyoNnLdU1S6PQ_BjQ1H-XuluGESdZYxo,hbGGwDTwUpJ1bpvK8q/OzhSn1bmZhF6sy0/QZPjAzd4=,2026-02-26 15:29:41,2026-02-26 21:29:41,2026-03-12 15:29:41
52,lt_user_052,fbd7f6a1-f6e7-439c-9c8f-4ba6d222402c,eyJhbGciOiJIUzI1NiIsInR5cCI6IkpXVCJ9.eyJqdGkiOiI3NGE4MDUwYy1mM2Y0LTRmY2MtYmEyOS1kMzMzN2NjMWI0NjciLCJzdWIiOiI1MiIsInVzZXJJZCI6NTIsIm5pY2tuYW1lIjoibHRfdXNlcl8wNTIiLCJ0eXBlIjoiQUNDRVNTIiwiaXNzIjoiUUZlZWQiLCJpYXQiOjE3NzIxMTk3ODEsImV4cCI6MTc3MjE0MTM4MSwicm9sZXMiOlsiUk9MRV9VU0VSIl19.IAFiTwHmcLEUQPC97MekA8dmgOYXsHTgHA57kNPtKeM,eyJhbGciOiJIUzI1NiIsInR5cCI6IkpXVCJ9.eyJqdGkiOiI4ZGQ5MmU3MS1mMjI4LTRjMTctYWI5Ny03OTQwOThkZGNhNTkiLCJzdWIiOiI1MiIsInVzZXJJZCI6NTIsIm5pY2tuYW1lIjoibHRfdXNlcl8wNTIiLCJ0eXBlIjoiUkVGUkVTSCIsImlzcyI6IlFGZWVkIiwiaWF0IjoxNzcyMTE5NzgxLCJleHAiOjE3NzMzMjkzODEsImZhbWlseVV1aWQiOiJmYmQ3ZjZhMS1mNmU3LTQzOWMtOWM4Zi00YmE2ZDIyMjQwMmMifQ.WsgpNkxKpmuuRHV0R8Qm62ovH2G6zqeBh94DJ4cnfwI,Ku6BUxrHNz9xx+zTOwP5vKgAM9ddVzrXtoIp5KyKW+8=,2026-02-26 15:29:41,2026-02-26 21:29:41,2026-03-12 15:29:41
53,lt_user_053,7f672fa3-6976-4cf9-8c3a-88e89f88318c,eyJhbGciOiJIUzI1NiIsInR5cCI6IkpXVCJ9.eyJqdGkiOiJjYWVlYzZkYS02OTUyLTRlYzgtYmVlMy03Yjk1NTk2YTA1YjgiLCJzdWIiOiI1MyIsInVzZXJJZCI6NTMsIm5pY2tuYW1lIjoibHRfdXNlcl8wNTMiLCJ0eXBlIjoiQUNDRVNTIiwiaXNzIjoiUUZlZWQiLCJpYXQiOjE3NzIxMTk3ODEsImV4cCI6MTc3MjE0MTM4MSwicm9sZXMiOlsiUk9MRV9VU0VSIl19.XJsmfW7CWdBLPffb1j7Werbkvas47FJjmEVnJGl_x_I,eyJhbGciOiJIUzI1NiIsInR5cCI6IkpXVCJ9.eyJqdGkiOiJjZjkwMmEzZi1kYzNiLTRlZDMtOTIyYy1hYWIyMWE2YWQ5YjciLCJzdWIiOiI1MyIsInVzZXJJZCI6NTMsIm5pY2tuYW1lIjoibHRfdXNlcl8wNTMiLCJ0eXBlIjoiUkVGUkVTSCIsImlzcyI6IlFGZWVkIiwiaWF0IjoxNzcyMTE5NzgxLCJleHAiOjE3NzMzMjkzODEsImZhbWlseVV1aWQiOiI3ZjY3MmZhMy02OTc2LTRjZjktOGMzYS04OGU4OWY4ODMxOGMifQ.GAaexrPwwRcEehhU1qQVr345d4rrz3Bdq02-hbK2-5Y,OZXhYQrwNzgWxSY+5uiWP9PN2QnoqZW3oONeTZG9Md4=,2026-02-26 15:29:41,2026-02-26 21:29:41,2026-03-12 15:29:41
54,lt_user_054,7c045c15-3bba-4ea7-96be-ddef798bd4be,eyJhbGciOiJIUzI1NiIsInR5cCI6IkpXVCJ9.eyJqdGkiOiJiNjJhODkwMC02YWQ2LTQ4ZjQtYmRmZi1hNmM3ZmUyZDZkNzQiLCJzdWIiOiI1NCIsInVzZXJJZCI6NTQsIm5pY2tuYW1lIjoibHRfdXNlcl8wNTQiLCJ0eXBlIjoiQUNDRVNTIiwiaXNzIjoiUUZlZWQiLCJpYXQiOjE3NzIxMTk3ODEsImV4cCI6MTc3MjE0MTM4MSwicm9sZXMiOlsiUk9MRV9VU0VSIl19.wYwGqHwSY9Ohuo0520BGnGQmOcDV0ZHI4HMhRffUWlU,eyJhbGciOiJIUzI1NiIsInR5cCI6IkpXVCJ9.eyJqdGkiOiI1ZmRiZmNhMS0zMjRkLTRhZDctYTg2MS0wNjIzOTVkYzUzNzIiLCJzdWIiOiI1NCIsInVzZXJJZCI6NTQsIm5pY2tuYW1lIjoibHRfdXNlcl8wNTQiLCJ0eXBlIjoiUkVGUkVTSCIsImlzcyI6IlFGZWVkIiwiaWF0IjoxNzcyMTE5NzgxLCJleHAiOjE3NzMzMjkzODEsImZhbWlseVV1aWQiOiI3YzA0NWMxNS0zYmJhLTRlYTctOTZiZS1kZGVmNzk4YmQ0YmUifQ.3WaSgCXCLkrEJIITBeCtKRV1kufSyTW2Qg03pQXAZSU,Yt0FaH7czvXc2O7FcDkojcILsg62kWilHoXMwnrQUiI=,2026-02-26 15:29:41,2026-02-26 21:29:41,2026-03-12 15:29:41
55,lt_user_055,4bc1f054-55f8-45ea-b7c2-f4019c9bc85a,eyJhbGciOiJIUzI1NiIsInR5cCI6IkpXVCJ9.eyJqdGkiOiJkNGQ1YjNjNC04N2E5LTQ4YzAtYWUxZi1jNWEwNjJiNGEzNzAiLCJzdWIiOiI1NSIsInVzZXJJZCI6NTUsIm5pY2tuYW1lIjoibHRfdXNlcl8wNTUiLCJ0eXBlIjoiQUNDRVNTIiwiaXNzIjoiUUZlZWQiLCJpYXQiOjE3NzIxMTk3ODEsImV4cCI6MTc3MjE0MTM4MSwicm9sZXMiOlsiUk9MRV9VU0VSIl19.O2-oclRbmE3Vyun5R87HtskKDAIpIuWixHC7MlAsh4U,eyJhbGciOiJIUzI1NiIsInR5cCI6IkpXVCJ9.eyJqdGkiOiI5MjZmMjJkNS1mMTBhLTRmN2ItOGRiZi01YWUyODM1ZTBhODIiLCJzdWIiOiI1NSIsInVzZXJJZCI6NTUsIm5pY2tuYW1lIjoibHRfdXNlcl8wNTUiLCJ0eXBlIjoiUkVGUkVTSCIsImlzcyI6IlFGZWVkIiwiaWF0IjoxNzcyMTE5NzgxLCJleHAiOjE3NzMzMjkzODEsImZhbWlseVV1aWQiOiI0YmMxZjA1NC01NWY4LTQ1ZWEtYjdjMi1mNDAxOWM5YmM4NWEifQ.arWe6q9xZB3Fuo5uD9o65jec-xoFBpahhFczKfSUl-E,krESffzjECvil055Fgf4RRvWF2BdFW39lvX6Cxt57Hk=,2026-02-26 15:29:41,2026-02-26 21:29:41,2026-03-12 15:29:41
56,lt_user_056,8c1c6aa7-258b-41a6-a6a6-2164042589fc,eyJhbGciOiJIUzI1NiIsInR5cCI6IkpXVCJ9.eyJqdGkiOiI1ZmMyNTQ3ZS0xMzNiLTQ2NjItODViZS01ZGRmZmJmNjg1MmIiLCJzdWIiOiI1NiIsInVzZXJJZCI6NTYsIm5pY2tuYW1lIjoibHRfdXNlcl8wNTYiLCJ0eXBlIjoiQUNDRVNTIiwiaXNzIjoiUUZlZWQiLCJpYXQiOjE3NzIxMTk3ODEsImV4cCI6MTc3MjE0MTM4MSwicm9sZXMiOlsiUk9MRV9VU0VSIl19.HWmowSWDBTnL6Y29Yg8P5z2DVjhwNh7LVYEBak4naFY,eyJhbGciOiJIUzI1NiIsInR5cCI6IkpXVCJ9.eyJqdGkiOiI0MGNkYzI4ZS03MzAyLTQxOGQtYTNhOS1mNTQ5MWJhZTdjYTAiLCJzdWIiOiI1NiIsInVzZXJJZCI6NTYsIm5pY2tuYW1lIjoibHRfdXNlcl8wNTYiLCJ0eXBlIjoiUkVGUkVTSCIsImlzcyI6IlFGZWVkIiwiaWF0IjoxNzcyMTE5NzgxLCJleHAiOjE3NzMzMjkzODEsImZhbWlseVV1aWQiOiI4YzFjNmFhNy0yNThiLTQxYTYtYTZhNi0yMTY0MDQyNTg5ZmMifQ.Y9UuC9puEEhnLhpXEfb658G8MIiQf-qTVpoY-q75-tY,km+P4+OxYOVCaI9wI05OfjLQHNsq1CBcDTE9o48ksqs=,2026-02-26 15:29:41,2026-02-26 21:29:41,2026-03-12 15:29:41
57,lt_user_057,83640b7f-aae9-4319-8b0e-b3bc951970ed,eyJhbGciOiJIUzI1NiIsInR5cCI6IkpXVCJ9.eyJqdGkiOiJiMWQ2MDRjOS00OTUzLTQzMWItOTZhZC1iMDIzYmM1YTFhZDUiLCJzdWIiOiI1NyIsInVzZXJJZCI6NTcsIm5pY2tuYW1lIjoibHRfdXNlcl8wNTciLCJ0eXBlIjoiQUNDRVNTIiwiaXNzIjoiUUZlZWQiLCJpYXQiOjE3NzIxMTk3ODEsImV4cCI6MTc3MjE0MTM4MSwicm9sZXMiOlsiUk9MRV9VU0VSIl19.LqeD57k9wEay8nwKnYThH2f_Dg5V1dPEKS2KDA3gY0k,eyJhbGciOiJIUzI1NiIsInR5cCI6IkpXVCJ9.eyJqdGkiOiJhYTc0MzUyZS1iNjExLTRhNGQtYjU1Zi02OGNkN2QyMzMzMGQiLCJzdWIiOiI1NyIsInVzZXJJZCI6NTcsIm5pY2tuYW1lIjoibHRfdXNlcl8wNTciLCJ0eXBlIjoiUkVGUkVTSCIsImlzcyI6IlFGZWVkIiwiaWF0IjoxNzcyMTE5NzgxLCJleHAiOjE3NzMzMjkzODEsImZhbWlseVV1aWQiOiI4MzY0MGI3Zi1hYWU5LTQzMTktOGIwZS1iM2JjOTUxOTcwZWQifQ.e8uzBNvg_uoRg2SgkaFT88pQBU9In5KDIJnw00QQTEY,+dqPz0GVgN1lNT1HF3+5rrt7AZUZW9GmrpkTQLFLxSo=,2026-02-26 15:29:41,2026-02-26 21:29:41,2026-03-12 15:29:41
58,lt_user_058,78814914-8f32-417d-b769-d526be2443d9,eyJhbGciOiJIUzI1NiIsInR5cCI6IkpXVCJ9.eyJqdGkiOiJiNjE2ZDAzMy1iMGQ1LTQyYWItODk2OC0zOTg3NDM2ZGE4ZjUiLCJzdWIiOiI1OCIsInVzZXJJZCI6NTgsIm5pY2tuYW1lIjoibHRfdXNlcl8wNTgiLCJ0eXBlIjoiQUNDRVNTIiwiaXNzIjoiUUZlZWQiLCJpYXQiOjE3NzIxMTk3ODEsImV4cCI6MTc3MjE0MTM4MSwicm9sZXMiOlsiUk9MRV9VU0VSIl19.dZsg2rLLCXC6x4164UClpWXVn8KA44D2QWn6VXl8UzM,eyJhbGciOiJIUzI1NiIsInR5cCI6IkpXVCJ9.eyJqdGkiOiIyMDc0ZTZmZS0xZTIxLTRkODgtODAxNS1mOTJlZDQ4ZjM2NjMiLCJzdWIiOiI1OCIsInVzZXJJZCI6NTgsIm5pY2tuYW1lIjoibHRfdXNlcl8wNTgiLCJ0eXBlIjoiUkVGUkVTSCIsImlzcyI6IlFGZWVkIiwiaWF0IjoxNzcyMTE5NzgxLCJleHAiOjE3NzMzMjkzODEsImZhbWlseVV1aWQiOiI3ODgxNDkxNC04ZjMyLTQxN2QtYjc2OS1kNTI2YmUyNDQzZDkifQ.u7-f8cV5rbEXN4cKF3kAsN74ceb_4RDkaGouwEcdxhU,GGR63tDng4lXG8Ru6D7DkPkL64Dg4MIJxNL8lEySVBM=,2026-02-26 15:29:41,2026-02-26 21:29:41,2026-03-12 15:29:41
59,lt_user_059,d13a447d-db49-4970-9788-11b686021bc7,eyJhbGciOiJIUzI1NiIsInR5cCI6IkpXVCJ9.eyJqdGkiOiIzZGQyMmNjNy0wMDVmLTQ1YWUtYjQxZC0wNDU1ZTNlMzE5ZGUiLCJzdWIiOiI1OSIsInVzZXJJZCI6NTksIm5pY2tuYW1lIjoibHRfdXNlcl8wNTkiLCJ0eXBlIjoiQUNDRVNTIiwiaXNzIjoiUUZlZWQiLCJpYXQiOjE3NzIxMTk3ODEsImV4cCI6MTc3MjE0MTM4MSwicm9sZXMiOlsiUk9MRV9VU0VSIl19.ny9TFkWaR5Aq3zlpigVtfXJG5CsXS2RrZnvrUo0MQFY,eyJhbGciOiJIUzI1NiIsInR5cCI6IkpXVCJ9.eyJqdGkiOiIxZGQzNTVhMy04NTgwLTQ2NzktODdiYy0zNDlkZDRmODAzYTgiLCJzdWIiOiI1OSIsInVzZXJJZCI6NTksIm5pY2tuYW1lIjoibHRfdXNlcl8wNTkiLCJ0eXBlIjoiUkVGUkVTSCIsImlzcyI6IlFGZWVkIiwiaWF0IjoxNzcyMTE5NzgxLCJleHAiOjE3NzMzMjkzODEsImZhbWlseVV1aWQiOiJkMTNhNDQ3ZC1kYjQ5LTQ5NzAtOTc4OC0xMWI2ODYwMjFiYzcifQ.btITjwY6LKN4GwfWYLtxyYwOtIeSL_E-jGuUUHzL6MI,M0lceQ2X7kOK/zT/iZmMNplVFUaDeZFWfyJ/0BWbYbQ=,2026-02-26 15:29:41,2026-02-26 21:29:41,2026-03-12 15:29:41
60,lt_user_060,996d1af3-a215-4024-8122-9108b725174a,eyJhbGciOiJIUzI1NiIsInR5cCI6IkpXVCJ9.eyJqdGkiOiIxNTQ0OWFmZi1mYjM3LTQwZjEtODUzMy04OTk0ZTA5NTUwOGYiLCJzdWIiOiI2MCIsInVzZXJJZCI6NjAsIm5pY2tuYW1lIjoibHRfdXNlcl8wNjAiLCJ0eXBlIjoiQUNDRVNTIiwiaXNzIjoiUUZlZWQiLCJpYXQiOjE3NzIxMTk3ODEsImV4cCI6MTc3MjE0MTM4MSwicm9sZXMiOlsiUk9MRV9VU0VSIl19.IuNmBvKn0gotGk3cEKMP0YRNQd5ujhyHX1UxYJXRAL8,eyJhbGciOiJIUzI1NiIsInR5cCI6IkpXVCJ9.eyJqdGkiOiI3Y2ZlN2I3OS0xNzQyLTQzOTEtYTU0ZS1jY2UyNGVlY2NhMGMiLCJzdWIiOiI2MCIsInVzZXJJZCI6NjAsIm5pY2tuYW1lIjoibHRfdXNlcl8wNjAiLCJ0eXBlIjoiUkVGUkVTSCIsImlzcyI6IlFGZWVkIiwiaWF0IjoxNzcyMTE5NzgxLCJleHAiOjE3NzMzMjkzODEsImZhbWlseVV1aWQiOiI5OTZkMWFmMy1hMjE1LTQwMjQtODEyMi05MTA4YjcyNTE3NGEifQ.BZqTsiaipdnMBXOrPLgYQghGrXIzHoXFqlSCxYwR-ds,o21iXF5F2gMSApDaS8pA1r3BJrZvHxd4MQlSG4t0pZc=,2026-02-26 15:29:41,2026-02-26 21:29:41,2026-03-12 15:29:41
61,lt_user_061,7b934007-2867-4dbe-b21f-500e6fa96496,eyJhbGciOiJIUzI1NiIsInR5cCI6IkpXVCJ9.eyJqdGkiOiJjZWI4NGNmYy03ZjE3LTQ5NWItYWI1NS0zMjNlNTE3ZDcwOTQiLCJzdWIiOiI2MSIsInVzZXJJZCI6NjEsIm5pY2tuYW1lIjoibHRfdXNlcl8wNjEiLCJ0eXBlIjoiQUNDRVNTIiwiaXNzIjoiUUZlZWQiLCJpYXQiOjE3NzIxMTk3ODEsImV4cCI6MTc3MjE0MTM4MSwicm9sZXMiOlsiUk9MRV9VU0VSIl19.9EEqgP2lw1pCbG2ntn2tyoCFQu5ScaJ05xred3V_krQ,eyJhbGciOiJIUzI1NiIsInR5cCI6IkpXVCJ9.eyJqdGkiOiJhMDI2Zjg1Ni02MGFhLTQwNmQtYjU0My0zNjMyYmQ5OTYxMjMiLCJzdWIiOiI2MSIsInVzZXJJZCI6NjEsIm5pY2tuYW1lIjoibHRfdXNlcl8wNjEiLCJ0eXBlIjoiUkVGUkVTSCIsImlzcyI6IlFGZWVkIiwiaWF0IjoxNzcyMTE5NzgxLCJleHAiOjE3NzMzMjkzODEsImZhbWlseVV1aWQiOiI3YjkzNDAwNy0yODY3LTRkYmUtYjIxZi01MDBlNmZhOTY0OTYifQ.ZIPN7RnFsmA08MPoTvaanZVlUn6ZaF2bhSDuaarnvTQ,Lxn69diPzz4vWuwblPYGigLgnUqRgIjnVimkL7epeBs=,2026-02-26 15:29:41,2026-02-26 21:29:41,2026-03-12 15:29:41
62,lt_user_062,2a0018f8-89cb-4695-b804-c989da3818de,eyJhbGciOiJIUzI1NiIsInR5cCI6IkpXVCJ9.eyJqdGkiOiI4NzgxOTM5OS03NzBjLTQ5NTktYTYxYy0yNmE4ZmYwNzExZWEiLCJzdWIiOiI2MiIsInVzZXJJZCI6NjIsIm5pY2tuYW1lIjoibHRfdXNlcl8wNjIiLCJ0eXBlIjoiQUNDRVNTIiwiaXNzIjoiUUZlZWQiLCJpYXQiOjE3NzIxMTk3ODEsImV4cCI6MTc3MjE0MTM4MSwicm9sZXMiOlsiUk9MRV9VU0VSIl19.0bTXq5M18xOlux_-wRgVxVmc7hh-bNE36eH8raDFr4M,eyJhbGciOiJIUzI1NiIsInR5cCI6IkpXVCJ9.eyJqdGkiOiI2Y2Y2MTcwNS1kOGQ2LTQzOTUtOGY2OS1hOTAzOTlhNjc4NzIiLCJzdWIiOiI2MiIsInVzZXJJZCI6NjIsIm5pY2tuYW1lIjoibHRfdXNlcl8wNjIiLCJ0eXBlIjoiUkVGUkVTSCIsImlzcyI6IlFGZWVkIiwiaWF0IjoxNzcyMTE5NzgxLCJleHAiOjE3NzMzMjkzODEsImZhbWlseVV1aWQiOiIyYTAwMThmOC04OWNiLTQ2OTUtYjgwNC1jOTg5ZGEzODE4ZGUifQ.vwnHHghw_a1ahZua8vaWa_96sP_pxLuUA5QRVvZlHfg,/AmKGcQNPdzC5m9NHCqbEP5BPvysietCHtTutCR9Jz8=,2026-02-26 15:29:41,2026-02-26 21:29:41,2026-03-12 15:29:41
63,lt_user_063,853a8c13-9849-417a-90e6-8e1c0a920e5c,eyJhbGciOiJIUzI1NiIsInR5cCI6IkpXVCJ9.eyJqdGkiOiJlOGZkZGI2YS01MzhkLTQ2ZGEtYjY2OC05YTRhM2E2MWE0MmYiLCJzdWIiOiI2MyIsInVzZXJJZCI6NjMsIm5pY2tuYW1lIjoibHRfdXNlcl8wNjMiLCJ0eXBlIjoiQUNDRVNTIiwiaXNzIjoiUUZlZWQiLCJpYXQiOjE3NzIxMTk3ODEsImV4cCI6MTc3MjE0MTM4MSwicm9sZXMiOlsiUk9MRV9VU0VSIl19.l_zs-YvfdTDUV3HBTNm8I9_Hh4xH8-xO_CYYi1tvXyE,eyJhbGciOiJIUzI1NiIsInR5cCI6IkpXVCJ9.eyJqdGkiOiJmNDVlYjY4Zi0wNTllLTQ2YWEtYTg4OC1kMTlhNTk4YTg1MTEiLCJzdWIiOiI2MyIsInVzZXJJZCI6NjMsIm5pY2tuYW1lIjoibHRfdXNlcl8wNjMiLCJ0eXBlIjoiUkVGUkVTSCIsImlzcyI6IlFGZWVkIiwiaWF0IjoxNzcyMTE5NzgxLCJleHAiOjE3NzMzMjkzODEsImZhbWlseVV1aWQiOiI4NTNhOGMxMy05ODQ5LTQxN2EtOTBlNi04ZTFjMGE5MjBlNWMifQ.N0v_FHvxc_h5FmBlmhBfIU73qsyds_OdEbKHQPhtT-s,HRj14nNT3Hqb62VQDzdW11jDVDPIItB6y15Q1WIRgxI=,2026-02-26 15:29:41,2026-02-26 21:29:41,2026-03-12 15:29:41
64,lt_user_064,4312f991-1bdb-4e3c-943e-71aa507f5f4c,eyJhbGciOiJIUzI1NiIsInR5cCI6IkpXVCJ9.eyJqdGkiOiIzYzdiNGNmYy0yMDQwLTQ3NTktYTcxMC01NWYwYTdlZDAxOTAiLCJzdWIiOiI2NCIsInVzZXJJZCI6NjQsIm5pY2tuYW1lIjoibHRfdXNlcl8wNjQiLCJ0eXBlIjoiQUNDRVNTIiwiaXNzIjoiUUZlZWQiLCJpYXQiOjE3NzIxMTk3ODEsImV4cCI6MTc3MjE0MTM4MSwicm9sZXMiOlsiUk9MRV9VU0VSIl19.aGW4MZvupu8L8GK5iY5mMGPkcnVST6pkhG5kCRVK63k,eyJhbGciOiJIUzI1NiIsInR5cCI6IkpXVCJ9.eyJqdGkiOiJhZGE2NGIxOS1kZGZhLTQ0YjgtYjAxYy0zZjA4NTIyNDEwNzkiLCJzdWIiOiI2NCIsInVzZXJJZCI6NjQsIm5pY2tuYW1lIjoibHRfdXNlcl8wNjQiLCJ0eXBlIjoiUkVGUkVTSCIsImlzcyI6IlFGZWVkIiwiaWF0IjoxNzcyMTE5NzgxLCJleHAiOjE3NzMzMjkzODEsImZhbWlseVV1aWQiOiI0MzEyZjk5MS0xYmRiLTRlM2MtOTQzZS03MWFhNTA3ZjVmNGMifQ.vMXuHqU1tTHVTkFzRxu24K7yIS09qauvv6Fv3UMLH04,9R9pw41UTwey6qDRBj5msjt5G/YsECPW146Z4MtwGpk=,2026-02-26 15:29:41,2026-02-26 21:29:41,2026-03-12 15:29:41
65,lt_user_065,42229a31-26c6-40e5-8400-73b87999bcbb,eyJhbGciOiJIUzI1NiIsInR5cCI6IkpXVCJ9.eyJqdGkiOiJiOGY3YzQzZS05YWQxLTRlNzctODE0Ny05ZWY0OTAyMmUxYjkiLCJzdWIiOiI2NSIsInVzZXJJZCI6NjUsIm5pY2tuYW1lIjoibHRfdXNlcl8wNjUiLCJ0eXBlIjoiQUNDRVNTIiwiaXNzIjoiUUZlZWQiLCJpYXQiOjE3NzIxMTk3ODEsImV4cCI6MTc3MjE0MTM4MSwicm9sZXMiOlsiUk9MRV9VU0VSIl19.EzET4zKjmmwsyTTIkLcxwPIVZ8_s5LeMUGMSFQvEek4,eyJhbGciOiJIUzI1NiIsInR5cCI6IkpXVCJ9.eyJqdGkiOiJjMTMyYTc2OC1mMzM2LTRiODgtYjJhZS0yMTNhNDc4ZDcwODAiLCJzdWIiOiI2NSIsInVzZXJJZCI6NjUsIm5pY2tuYW1lIjoibHRfdXNlcl8wNjUiLCJ0eXBlIjoiUkVGUkVTSCIsImlzcyI6IlFGZWVkIiwiaWF0IjoxNzcyMTE5NzgxLCJleHAiOjE3NzMzMjkzODEsImZhbWlseVV1aWQiOiI0MjIyOWEzMS0yNmM2LTQwZTUtODQwMC03M2I4Nzk5OWJjYmIifQ.pZ5kf7JWaKOtlg__1EfBV68SKRQMqovMRc6W8AaCvXM,N8mueS4gbizrTVsuSI3vusKK2uBzBmkVOyKUKPfgLoE=,2026-02-26 15:29:41,2026-02-26 21:29:41,2026-03-12 15:29:41
66,lt_user_066,720855d0-9bd6-44a4-acb3-388032988674,eyJhbGciOiJIUzI1NiIsInR5cCI6IkpXVCJ9.eyJqdGkiOiI0NTA2YmNlZi1kZWYwLTRkYWMtYjkyNi1kZTYzMGEwYjhmYjUiLCJzdWIiOiI2NiIsInVzZXJJZCI6NjYsIm5pY2tuYW1lIjoibHRfdXNlcl8wNjYiLCJ0eXBlIjoiQUNDRVNTIiwiaXNzIjoiUUZlZWQiLCJpYXQiOjE3NzIxMTk3ODEsImV4cCI6MTc3MjE0MTM4MSwicm9sZXMiOlsiUk9MRV9VU0VSIl19.1tE03TW4T0uO0msLstD30PC2RIydBCHfpy5bJZ_cw-w,eyJhbGciOiJIUzI1NiIsInR5cCI6IkpXVCJ9.eyJqdGkiOiIyNzM0OGJkYy1lNjY3LTRhZTEtYWIxOC03ZWY1YzJmZTAwYmIiLCJzdWIiOiI2NiIsInVzZXJJZCI6NjYsIm5pY2tuYW1lIjoibHRfdXNlcl8wNjYiLCJ0eXBlIjoiUkVGUkVTSCIsImlzcyI6IlFGZWVkIiwiaWF0IjoxNzcyMTE5NzgxLCJleHAiOjE3NzMzMjkzODEsImZhbWlseVV1aWQiOiI3MjA4NTVkMC05YmQ2LTQ0YTQtYWNiMy0zODgwMzI5ODg2NzQifQ.WQIKVwD1MkFYRVLRkIfzye4GAYp1LBmY1BbnLGrlXbk,zVz7wmsBvhu8ZIqY8NQtNU0hcWMnYkSHIlATTYKb7yI=,2026-02-26 15:29:41,2026-02-26 21:29:41,2026-03-12 15:29:41
67,lt_user_067,e6f63fef-b1cd-4fd0-9aff-149dc4ce0a4b,eyJhbGciOiJIUzI1NiIsInR5cCI6IkpXVCJ9.eyJqdGkiOiJhMDk5YjljZi1iNDRhLTQ5ZTgtODZhNy0zMjA4YjM4NmU5YWUiLCJzdWIiOiI2NyIsInVzZXJJZCI6NjcsIm5pY2tuYW1lIjoibHRfdXNlcl8wNjciLCJ0eXBlIjoiQUNDRVNTIiwiaXNzIjoiUUZlZWQiLCJpYXQiOjE3NzIxMTk3ODEsImV4cCI6MTc3MjE0MTM4MSwicm9sZXMiOlsiUk9MRV9VU0VSIl19.qNaqBrAEmzKUJwvj8cud_PDM7IkNlkMKMcKJxwpob1Q,eyJhbGciOiJIUzI1NiIsInR5cCI6IkpXVCJ9.eyJqdGkiOiIwZTEwYzJhOC0xZDM4LTRlODItYWFmNC01YzhjMGI0ZWM3YzUiLCJzdWIiOiI2NyIsInVzZXJJZCI6NjcsIm5pY2tuYW1lIjoibHRfdXNlcl8wNjciLCJ0eXBlIjoiUkVGUkVTSCIsImlzcyI6IlFGZWVkIiwiaWF0IjoxNzcyMTE5NzgxLCJleHAiOjE3NzMzMjkzODEsImZhbWlseVV1aWQiOiJlNmY2M2ZlZi1iMWNkLTRmZDAtOWFmZi0xNDlkYzRjZTBhNGIifQ.5g27UlBoDBkXJ4tw9hngi_qeSS3Iqwjt5Jgjasw1j0Q,A1dS2K34oZ/WYQZMtyeljI8JxyiSPPnYTQn+L0gTH44=,2026-02-26 15:29:41,2026-02-26 21:29:41,2026-03-12 15:29:41
68,lt_user_068,7e273eef-a908-4cf3-bd6e-e484dc56f4a0,eyJhbGciOiJIUzI1NiIsInR5cCI6IkpXVCJ9.eyJqdGkiOiJmNjUxODFmNC0xZDg0LTRlYWEtODUxMS1jMmYzZDlkMTdmMjgiLCJzdWIiOiI2OCIsInVzZXJJZCI6NjgsIm5pY2tuYW1lIjoibHRfdXNlcl8wNjgiLCJ0eXBlIjoiQUNDRVNTIiwiaXNzIjoiUUZlZWQiLCJpYXQiOjE3NzIxMTk3ODEsImV4cCI6MTc3MjE0MTM4MSwicm9sZXMiOlsiUk9MRV9VU0VSIl19.IN2NMXFvcV7VNZtfJm-IihPSFUEoj1pH_ucmsawha80,eyJhbGciOiJIUzI1NiIsInR5cCI6IkpXVCJ9.eyJqdGkiOiI3OGUzYjdkNC0yYjkzLTQ1NWMtYjQxZS1hYjY1YzRmYTFkY2YiLCJzdWIiOiI2OCIsInVzZXJJZCI6NjgsIm5pY2tuYW1lIjoibHRfdXNlcl8wNjgiLCJ0eXBlIjoiUkVGUkVTSCIsImlzcyI6IlFGZWVkIiwiaWF0IjoxNzcyMTE5NzgxLCJleHAiOjE3NzMzMjkzODEsImZhbWlseVV1aWQiOiI3ZTI3M2VlZi1hOTA4LTRjZjMtYmQ2ZS1lNDg0ZGM1NmY0YTAifQ.8iVBCICNKbhhYHkvM7L0uC6-XBBggG3rslxXHHv3tjc,GQP1RQOfStWVrJ/JUCcK8/MqQXAHvbfomqmEegnfsx0=,2026-02-26 15:29:41,2026-02-26 21:29:41,2026-03-12 15:29:41
69,lt_user_069,1370b101-a8b2-4968-a494-56871465cc10,eyJhbGciOiJIUzI1NiIsInR5cCI6IkpXVCJ9.eyJqdGkiOiJmMGI3YTU5ZS0xNThhLTQ3NzAtOTU4MC0yODBmNjc4ZWY0ZWQiLCJzdWIiOiI2OSIsInVzZXJJZCI6NjksIm5pY2tuYW1lIjoibHRfdXNlcl8wNjkiLCJ0eXBlIjoiQUNDRVNTIiwiaXNzIjoiUUZlZWQiLCJpYXQiOjE3NzIxMTk3ODEsImV4cCI6MTc3MjE0MTM4MSwicm9sZXMiOlsiUk9MRV9VU0VSIl19.qTDpldRpV_A17KNaH55vP6E_eA0xIIiERLIrfCaQAoY,eyJhbGciOiJIUzI1NiIsInR5cCI6IkpXVCJ9.eyJqdGkiOiI3NzBmM2VlNS0xY2MxLTQ2YWUtYWE1Yy1hNzkyNTExMGRlODMiLCJzdWIiOiI2OSIsInVzZXJJZCI6NjksIm5pY2tuYW1lIjoibHRfdXNlcl8wNjkiLCJ0eXBlIjoiUkVGUkVTSCIsImlzcyI6IlFGZWVkIiwiaWF0IjoxNzcyMTE5NzgxLCJleHAiOjE3NzMzMjkzODEsImZhbWlseVV1aWQiOiIxMzcwYjEwMS1hOGIyLTQ5NjgtYTQ5NC01Njg3MTQ2NWNjMTAifQ.UQ2Fl1cKB8hycVOV-zjID4-eMBnZAWCwGUyAO-itnMA,7J8l6l8mFOI6pDES0a5VcwCMCKHMbnaFR0FGO28s6UQ=,2026-02-26 15:29:41,2026-02-26 21:29:41,2026-03-12 15:29:41
70,lt_user_070,ed951681-4439-46a7-be62-5ba1dde6de90,eyJhbGciOiJIUzI1NiIsInR5cCI6IkpXVCJ9.eyJqdGkiOiI3OWUyMjgxOC1iM2ViLTQ1MzUtOWEzZS03MjlkNWMxYWZjNzciLCJzdWIiOiI3MCIsInVzZXJJZCI6NzAsIm5pY2tuYW1lIjoibHRfdXNlcl8wNzAiLCJ0eXBlIjoiQUNDRVNTIiwiaXNzIjoiUUZlZWQiLCJpYXQiOjE3NzIxMTk3ODEsImV4cCI6MTc3MjE0MTM4MSwicm9sZXMiOlsiUk9MRV9VU0VSIl19.crI_9Ae93dRu1soqnNh-tXUPbxQQwYdrozsD-1NpwSE,eyJhbGciOiJIUzI1NiIsInR5cCI6IkpXVCJ9.eyJqdGkiOiJiMmY4YWZkYi01ZmE2LTQ5ODctYjk1OS0zNGI4ZmZjYWQ0OTEiLCJzdWIiOiI3MCIsInVzZXJJZCI6NzAsIm5pY2tuYW1lIjoibHRfdXNlcl8wNzAiLCJ0eXBlIjoiUkVGUkVTSCIsImlzcyI6IlFGZWVkIiwiaWF0IjoxNzcyMTE5NzgxLCJleHAiOjE3NzMzMjkzODEsImZhbWlseVV1aWQiOiJlZDk1MTY4MS00NDM5LTQ2YTctYmU2Mi01YmExZGRlNmRlOTAifQ.x3RHy-3TCFSEezpWmEat14h955i_hBdGxl5Y6hoEZTg,0gfiX1Ed8p0B5l4v239dxOnNIX4XS7pDKNz78dzZGaM=,2026-02-26 15:29:41,2026-02-26 21:29:41,2026-03-12 15:29:41
71,lt_user_071,a24c8a55-b8aa-4a9b-a002-0dedebf3b3eb,eyJhbGciOiJIUzI1NiIsInR5cCI6IkpXVCJ9.eyJqdGkiOiI5ZDBkZGI0Ni1lOTYwLTQzNzktYTAwYS0wOWU1ZmRjNzM0ZmMiLCJzdWIiOiI3MSIsInVzZXJJZCI6NzEsIm5pY2tuYW1lIjoibHRfdXNlcl8wNzEiLCJ0eXBlIjoiQUNDRVNTIiwiaXNzIjoiUUZlZWQiLCJpYXQiOjE3NzIxMTk3ODEsImV4cCI6MTc3MjE0MTM4MSwicm9sZXMiOlsiUk9MRV9VU0VSIl19.eg_-D_66iUOyaszEPPStTOYAcYwkrfGotLMur8chFLg,eyJhbGciOiJIUzI1NiIsInR5cCI6IkpXVCJ9.eyJqdGkiOiIzMWU1YWUxMC02NWZjLTRkZGEtODMxMy1kMmZhYTFmMGIwNzIiLCJzdWIiOiI3MSIsInVzZXJJZCI6NzEsIm5pY2tuYW1lIjoibHRfdXNlcl8wNzEiLCJ0eXBlIjoiUkVGUkVTSCIsImlzcyI6IlFGZWVkIiwiaWF0IjoxNzcyMTE5NzgxLCJleHAiOjE3NzMzMjkzODEsImZhbWlseVV1aWQiOiJhMjRjOGE1NS1iOGFhLTRhOWItYTAwMi0wZGVkZWJmM2IzZWIifQ.xEkvYl8795k0HfphyHjSax1VSNIQraOd5Xw3z-8aneA,WRPUyvRnuzkFMCwEr+BilpPaXm9NLyGb2KDpJk5oVq0=,2026-02-26 15:29:41,2026-02-26 21:29:41,2026-03-12 15:29:41
72,lt_user_072,fa2efb54-560e-4d2a-8aca-2515b60a5c2d,eyJhbGciOiJIUzI1NiIsInR5cCI6IkpXVCJ9.eyJqdGkiOiIzNTMzZTYzNS1iYThiLTRjMWMtOWUzYS04YTcwOTY4N2ViNjAiLCJzdWIiOiI3MiIsInVzZXJJZCI6NzIsIm5pY2tuYW1lIjoibHRfdXNlcl8wNzIiLCJ0eXBlIjoiQUNDRVNTIiwiaXNzIjoiUUZlZWQiLCJpYXQiOjE3NzIxMTk3ODEsImV4cCI6MTc3MjE0MTM4MSwicm9sZXMiOlsiUk9MRV9VU0VSIl19.eOGFUHfhi93Mka9sXI8-VqRB9EGjO5kuuMKKfvIGZVA,eyJhbGciOiJIUzI1NiIsInR5cCI6IkpXVCJ9.eyJqdGkiOiJiYmMwODBkOS02ZDNiLTRlMzctOGFiYy0xYWYzMGU0ZWRiYmIiLCJzdWIiOiI3MiIsInVzZXJJZCI6NzIsIm5pY2tuYW1lIjoibHRfdXNlcl8wNzIiLCJ0eXBlIjoiUkVGUkVTSCIsImlzcyI6IlFGZWVkIiwiaWF0IjoxNzcyMTE5NzgxLCJleHAiOjE3NzMzMjkzODEsImZhbWlseVV1aWQiOiJmYTJlZmI1NC01NjBlLTRkMmEtOGFjYS0yNTE1YjYwYTVjMmQifQ.pdaXARjAYHJ6hbCDmYfkzd12cwDwNmzJwC4Hw9qUAIM,qDOeZycNJyqZpHtYQBAWvXebvmdHGDSIx7c/lvLfhqU=,2026-02-26 15:29:41,2026-02-26 21:29:41,2026-03-12 15:29:41
73,lt_user_073,51e59f96-082c-446a-af3c-81375fe7fed0,eyJhbGciOiJIUzI1NiIsInR5cCI6IkpXVCJ9.eyJqdGkiOiI1OWMyNzYxMS0yYWNjLTRmYzItODljZi1iMWUxZmZkNDFkY2YiLCJzdWIiOiI3MyIsInVzZXJJZCI6NzMsIm5pY2tuYW1lIjoibHRfdXNlcl8wNzMiLCJ0eXBlIjoiQUNDRVNTIiwiaXNzIjoiUUZlZWQiLCJpYXQiOjE3NzIxMTk3ODEsImV4cCI6MTc3MjE0MTM4MSwicm9sZXMiOlsiUk9MRV9VU0VSIl19.sKWc_hdCbocXPQYCReIWvNVRWpvp2dnngSoGkFlP27Y,eyJhbGciOiJIUzI1NiIsInR5cCI6IkpXVCJ9.eyJqdGkiOiIyM2EyNzI3NS1iODJiLTQyMTAtOWFkZC0zNjJiYzU3MWE2Y2YiLCJzdWIiOiI3MyIsInVzZXJJZCI6NzMsIm5pY2tuYW1lIjoibHRfdXNlcl8wNzMiLCJ0eXBlIjoiUkVGUkVTSCIsImlzcyI6IlFGZWVkIiwiaWF0IjoxNzcyMTE5NzgxLCJleHAiOjE3NzMzMjkzODEsImZhbWlseVV1aWQiOiI1MWU1OWY5Ni0wODJjLTQ0NmEtYWYzYy04MTM3NWZlN2ZlZDAifQ.nvdYilp_Q6VTQMaQ9Nd-gBZEfX65lzJ4b_StRS2F0cY,pDKn73TbsC+zKKydnHj+LCsi1czky8vygWo6aoMKWnM=,2026-02-26 15:29:41,2026-02-26 21:29:41,2026-03-12 15:29:41
74,lt_user_074,7628f557-9535-4afe-81c7-f3ce8e6e9765,eyJhbGciOiJIUzI1NiIsInR5cCI6IkpXVCJ9.eyJqdGkiOiIxOWJiZGUyNy1kYTE5LTRkNjctYWRkZC0wODZmMGFhYTRjZTQiLCJzdWIiOiI3NCIsInVzZXJJZCI6NzQsIm5pY2tuYW1lIjoibHRfdXNlcl8wNzQiLCJ0eXBlIjoiQUNDRVNTIiwiaXNzIjoiUUZlZWQiLCJpYXQiOjE3NzIxMTk3ODEsImV4cCI6MTc3MjE0MTM4MSwicm9sZXMiOlsiUk9MRV9VU0VSIl19.TBKc8Qe3lnU3AtfP3ujywmcjdqSS_UuS4p1XJBt6FmI,eyJhbGciOiJIUzI1NiIsInR5cCI6IkpXVCJ9.eyJqdGkiOiI0OGNkNDNiNC1jMjhhLTQyNTAtYTM5Yi02NDIxYWU5NzQ4ODEiLCJzdWIiOiI3NCIsInVzZXJJZCI6NzQsIm5pY2tuYW1lIjoibHRfdXNlcl8wNzQiLCJ0eXBlIjoiUkVGUkVTSCIsImlzcyI6IlFGZWVkIiwiaWF0IjoxNzcyMTE5NzgxLCJleHAiOjE3NzMzMjkzODEsImZhbWlseVV1aWQiOiI3NjI4ZjU1Ny05NTM1LTRhZmUtODFjNy1mM2NlOGU2ZTk3NjUifQ.u96TcEun4I_3us8nMHkPsnQb-uVSdD0jAszL1lU4lgk,oi//MO4VmbRVtVnFxK6ArVuXtGXiQ2uG6eWWWf5Z5LY=,2026-02-26 15:29:41,2026-02-26 21:29:41,2026-03-12 15:29:41
75,lt_user_075,824f127d-3f2a-47f6-9efa-7a6d6eb89274,eyJhbGciOiJIUzI1NiIsInR5cCI6IkpXVCJ9.eyJqdGkiOiIyMjc5ZDQzNi0zMGQ2LTRhODctOGVmZi0zNzg3ZmE2OTZhYWUiLCJzdWIiOiI3NSIsInVzZXJJZCI6NzUsIm5pY2tuYW1lIjoibHRfdXNlcl8wNzUiLCJ0eXBlIjoiQUNDRVNTIiwiaXNzIjoiUUZlZWQiLCJpYXQiOjE3NzIxMTk3ODEsImV4cCI6MTc3MjE0MTM4MSwicm9sZXMiOlsiUk9MRV9VU0VSIl19.YHq7hvLYkrtBJSYaWlu8nXv-oZ-3njc-ZfHL-14nt5o,eyJhbGciOiJIUzI1NiIsInR5cCI6IkpXVCJ9.eyJqdGkiOiJkZGQyMjJjOC03M2VkLTQxNDItOTRjMC0zYTVkZmVkOTFhZmYiLCJzdWIiOiI3NSIsInVzZXJJZCI6NzUsIm5pY2tuYW1lIjoibHRfdXNlcl8wNzUiLCJ0eXBlIjoiUkVGUkVTSCIsImlzcyI6IlFGZWVkIiwiaWF0IjoxNzcyMTE5NzgxLCJleHAiOjE3NzMzMjkzODEsImZhbWlseVV1aWQiOiI4MjRmMTI3ZC0zZjJhLTQ3ZjYtOWVmYS03YTZkNmViODkyNzQifQ.mxPVBFcVRatC1KWvYZ1CN4Dp1lF4-9ye27TFDLRGLQw,fjG+R8tAFdb2HsioolKJovh4GCaLs9E8gZKToZQ2mKk=,2026-02-26 15:29:41,2026-02-26 21:29:41,2026-03-12 15:29:41
76,lt_user_076,f4a377b8-4e9a-404b-93cd-b3e62784e403,eyJhbGciOiJIUzI1NiIsInR5cCI6IkpXVCJ9.eyJqdGkiOiJmOGYwZjQ3My03MjY4LTQ0NTYtYTQ5ZS1jZWYzYzFlZjY5MjgiLCJzdWIiOiI3NiIsInVzZXJJZCI6NzYsIm5pY2tuYW1lIjoibHRfdXNlcl8wNzYiLCJ0eXBlIjoiQUNDRVNTIiwiaXNzIjoiUUZlZWQiLCJpYXQiOjE3NzIxMTk3ODEsImV4cCI6MTc3MjE0MTM4MSwicm9sZXMiOlsiUk9MRV9VU0VSIl19.klBJu8PpRl-ule-ZLp9VqNovWvBjOFfbBv5UBV0OdJU,eyJhbGciOiJIUzI1NiIsInR5cCI6IkpXVCJ9.eyJqdGkiOiI0MDViZWM4NC05MzVkLTQ1ZjEtYTk3ZS1hMzA0MWIwODQ2ZDUiLCJzdWIiOiI3NiIsInVzZXJJZCI6NzYsIm5pY2tuYW1lIjoibHRfdXNlcl8wNzYiLCJ0eXBlIjoiUkVGUkVTSCIsImlzcyI6IlFGZWVkIiwiaWF0IjoxNzcyMTE5NzgxLCJleHAiOjE3NzMzMjkzODEsImZhbWlseVV1aWQiOiJmNGEzNzdiOC00ZTlhLTQwNGItOTNjZC1iM2U2Mjc4NGU0MDMifQ.OB8Yccv2671HXC6NgV0Gf6r72b6DSYmj1iuj1hHmxKg,Oi3ArVCVZEl/F6GNcjvsx3KVESsJa3euF3D9hL2TNXI=,2026-02-26 15:29:41,2026-02-26 21:29:41,2026-03-12 15:29:41
77,lt_user_077,a8bde88f-be8c-464f-87b1-8a8e8f96dbf6,eyJhbGciOiJIUzI1NiIsInR5cCI6IkpXVCJ9.eyJqdGkiOiI2YmIyNjU5OC0zMDQxLTQ2NzYtYmNkYi03MzRjY2IyYzg3MzgiLCJzdWIiOiI3NyIsInVzZXJJZCI6NzcsIm5pY2tuYW1lIjoibHRfdXNlcl8wNzciLCJ0eXBlIjoiQUNDRVNTIiwiaXNzIjoiUUZlZWQiLCJpYXQiOjE3NzIxMTk3ODEsImV4cCI6MTc3MjE0MTM4MSwicm9sZXMiOlsiUk9MRV9VU0VSIl19.n2LtdzdPN7qhc9lTkyhACOKkIbqCPhTpBiCvHR0aEa8,eyJhbGciOiJIUzI1NiIsInR5cCI6IkpXVCJ9.eyJqdGkiOiJmMTM0ZTBkYi1iNTI1LTQ1Y2ItYjM0ZS1kNTQxMzRmODAzZjgiLCJzdWIiOiI3NyIsInVzZXJJZCI6NzcsIm5pY2tuYW1lIjoibHRfdXNlcl8wNzciLCJ0eXBlIjoiUkVGUkVTSCIsImlzcyI6IlFGZWVkIiwiaWF0IjoxNzcyMTE5NzgxLCJleHAiOjE3NzMzMjkzODEsImZhbWlseVV1aWQiOiJhOGJkZTg4Zi1iZThjLTQ2NGYtODdiMS04YThlOGY5NmRiZjYifQ.Q9_pG97glwUD-qVopnxAx8Nx6OXNtndIy0fbED88SRI,IakG7+vDDImeqylBrLAZvXqxg4h5X9F2pExngQ7KWXg=,2026-02-26 15:29:41,2026-02-26 21:29:41,2026-03-12 15:29:41
78,lt_user_078,3352ff25-8b0d-4c7e-afcc-25ff4cdb52dd,eyJhbGciOiJIUzI1NiIsInR5cCI6IkpXVCJ9.eyJqdGkiOiI0MzdiYWI0MC0zODJlLTQ2Y2UtYmY2Zi0wYWU4OTc2NzA5MjEiLCJzdWIiOiI3OCIsInVzZXJJZCI6NzgsIm5pY2tuYW1lIjoibHRfdXNlcl8wNzgiLCJ0eXBlIjoiQUNDRVNTIiwiaXNzIjoiUUZlZWQiLCJpYXQiOjE3NzIxMTk3ODEsImV4cCI6MTc3MjE0MTM4MSwicm9sZXMiOlsiUk9MRV9VU0VSIl19.jXu76fmIzGw93F-ca2elEWVC_7SwxoW19q8X-DDSjT0,eyJhbGciOiJIUzI1NiIsInR5cCI6IkpXVCJ9.eyJqdGkiOiI5MTI3YzcyNS1jNTRlLTQxZmYtODM3Mi1jMGQzYWM3MmQ2ODIiLCJzdWIiOiI3OCIsInVzZXJJZCI6NzgsIm5pY2tuYW1lIjoibHRfdXNlcl8wNzgiLCJ0eXBlIjoiUkVGUkVTSCIsImlzcyI6IlFGZWVkIiwiaWF0IjoxNzcyMTE5NzgxLCJleHAiOjE3NzMzMjkzODEsImZhbWlseVV1aWQiOiIzMzUyZmYyNS04YjBkLTRjN2UtYWZjYy0yNWZmNGNkYjUyZGQifQ.n7tRCDFX107zQLIBocuC5epT6gitQjmEJZzrfPevzrc,eeDdvH9IXuO498L6u6MqQu/k4sbGA/nmbkwidFiciFo=,2026-02-26 15:29:41,2026-02-26 21:29:41,2026-03-12 15:29:41
79,lt_user_079,31705d0a-061e-4589-aba0-f3b50ed18b93,eyJhbGciOiJIUzI1NiIsInR5cCI6IkpXVCJ9.eyJqdGkiOiJhM2NlNjQyMi04ZWYxLTQ4YTEtYmViYS0zNmJlN2M1ZTZjOGIiLCJzdWIiOiI3OSIsInVzZXJJZCI6NzksIm5pY2tuYW1lIjoibHRfdXNlcl8wNzkiLCJ0eXBlIjoiQUNDRVNTIiwiaXNzIjoiUUZlZWQiLCJpYXQiOjE3NzIxMTk3ODEsImV4cCI6MTc3MjE0MTM4MSwicm9sZXMiOlsiUk9MRV9VU0VSIl19.MdDyNaDNHtaYLPnsigp_ACbJ3gQiVjE1OASY8YLFImw,eyJhbGciOiJIUzI1NiIsInR5cCI6IkpXVCJ9.eyJqdGkiOiI5NzU1YWIzYy1kZGVlLTRlM2EtYjVhYS05Yzg4YmI5MWI1ZDgiLCJzdWIiOiI3OSIsInVzZXJJZCI6NzksIm5pY2tuYW1lIjoibHRfdXNlcl8wNzkiLCJ0eXBlIjoiUkVGUkVTSCIsImlzcyI6IlFGZWVkIiwiaWF0IjoxNzcyMTE5NzgxLCJleHAiOjE3NzMzMjkzODEsImZhbWlseVV1aWQiOiIzMTcwNWQwYS0wNjFlLTQ1ODktYWJhMC1mM2I1MGVkMThiOTMifQ.0Hw2bCmaOIWezcxAsmx8Ff5hTv8okDvMCyiHm9n01gA,xbbsZw+8wTotTsWrR9znUR0x8gbuAL6W5YPw3giHEbg=,2026-02-26 15:29:41,2026-02-26 21:29:41,2026-03-12 15:29:41
80,lt_user_080,14e09afe-0d16-4c62-8391-ca4891b0dc91,eyJhbGciOiJIUzI1NiIsInR5cCI6IkpXVCJ9.eyJqdGkiOiIwNjVjY2Y5My1jZjg3LTQ0YWUtOTI5Mi00NTE5MGU1NTczOWIiLCJzdWIiOiI4MCIsInVzZXJJZCI6ODAsIm5pY2tuYW1lIjoibHRfdXNlcl8wODAiLCJ0eXBlIjoiQUNDRVNTIiwiaXNzIjoiUUZlZWQiLCJpYXQiOjE3NzIxMTk3ODEsImV4cCI6MTc3MjE0MTM4MSwicm9sZXMiOlsiUk9MRV9VU0VSIl19.OShD7VWOOOhU8Hif6mRIqnFN6NfQ8635ButFykPD6Co,eyJhbGciOiJIUzI1NiIsInR5cCI6IkpXVCJ9.eyJqdGkiOiJlNmYxNGE2ZC0xMzExLTRlMTUtYmVmOS1kZjI2YzI4MDJjZjgiLCJzdWIiOiI4MCIsInVzZXJJZCI6ODAsIm5pY2tuYW1lIjoibHRfdXNlcl8wODAiLCJ0eXBlIjoiUkVGUkVTSCIsImlzcyI6IlFGZWVkIiwiaWF0IjoxNzcyMTE5NzgxLCJleHAiOjE3NzMzMjkzODEsImZhbWlseVV1aWQiOiIxNGUwOWFmZS0wZDE2LTRjNjItODM5MS1jYTQ4OTFiMGRjOTEifQ.FoioJcvbAu2dONVApdbHpcAJ1iZHM1z00DE8Ljs9loU,6NMpsxwjXdQCz9VSGqqlZKdLj4Rszr6S0RyKcStTNm0=,2026-02-26 15:29:41,2026-02-26 21:29:41,2026-03-12 15:29:41
81,lt_user_081,c50ac07e-44d8-43b8-8aee-06a94319568b,eyJhbGciOiJIUzI1NiIsInR5cCI6IkpXVCJ9.eyJqdGkiOiI3OWVjZjUwZi01YjhhLTRkZjYtYWIyNC0yYjA2NDgzNDlmNTUiLCJzdWIiOiI4MSIsInVzZXJJZCI6ODEsIm5pY2tuYW1lIjoibHRfdXNlcl8wODEiLCJ0eXBlIjoiQUNDRVNTIiwiaXNzIjoiUUZlZWQiLCJpYXQiOjE3NzIxMTk3ODEsImV4cCI6MTc3MjE0MTM4MSwicm9sZXMiOlsiUk9MRV9VU0VSIl19.cKUXYcE-p5pHbdNGvOjgAG53yqRdI0YQn0zAgeVZoPY,eyJhbGciOiJIUzI1NiIsInR5cCI6IkpXVCJ9.eyJqdGkiOiJkMDVhMjE5NC03YzEzLTQ2MjQtYmU4Yy0wZDFiODBhNWE0ZWQiLCJzdWIiOiI4MSIsInVzZXJJZCI6ODEsIm5pY2tuYW1lIjoibHRfdXNlcl8wODEiLCJ0eXBlIjoiUkVGUkVTSCIsImlzcyI6IlFGZWVkIiwiaWF0IjoxNzcyMTE5NzgxLCJleHAiOjE3NzMzMjkzODEsImZhbWlseVV1aWQiOiJjNTBhYzA3ZS00NGQ4LTQzYjgtOGFlZS0wNmE5NDMxOTU2OGIifQ.mZCXAXwlbbm0PTEs2VM7_Sr4SjfQBMhCwHb10zCMwT8,r5ovQS0ZtUxpGgM/meWcDCtbb0Rj+7SP10n0DLH9nok=,2026-02-26 15:29:41,2026-02-26 21:29:41,2026-03-12 15:29:41
82,lt_user_082,0b49fbc1-8edb-4f7e-b2ad-cccf7e81c16d,eyJhbGciOiJIUzI1NiIsInR5cCI6IkpXVCJ9.eyJqdGkiOiI1MzE4YzUzNS04YWM1LTQ4Y2UtOTZiMy1lY2NkOWY5NjdlNGMiLCJzdWIiOiI4MiIsInVzZXJJZCI6ODIsIm5pY2tuYW1lIjoibHRfdXNlcl8wODIiLCJ0eXBlIjoiQUNDRVNTIiwiaXNzIjoiUUZlZWQiLCJpYXQiOjE3NzIxMTk3ODEsImV4cCI6MTc3MjE0MTM4MSwicm9sZXMiOlsiUk9MRV9VU0VSIl19.goiVFjzoanhupa16EClSp0oXATG0TgauCHVCl-I6Nr0,eyJhbGciOiJIUzI1NiIsInR5cCI6IkpXVCJ9.eyJqdGkiOiIxMmMwODliMC1jYTE0LTQ3YmQtYTk0Mi0zYTJkMWI3YTBjYTEiLCJzdWIiOiI4MiIsInVzZXJJZCI6ODIsIm5pY2tuYW1lIjoibHRfdXNlcl8wODIiLCJ0eXBlIjoiUkVGUkVTSCIsImlzcyI6IlFGZWVkIiwiaWF0IjoxNzcyMTE5NzgxLCJleHAiOjE3NzMzMjkzODEsImZhbWlseVV1aWQiOiIwYjQ5ZmJjMS04ZWRiLTRmN2UtYjJhZC1jY2NmN2U4MWMxNmQifQ.3fAtOfFm9CQMKrd_g1Ukl3SPY8SL6mvt1bUiHNW9yYQ,fG+P9hJF7o4pUCinwBP63hWgMtzxIfq4aeO3rkl9ssw=,2026-02-26 15:29:41,2026-02-26 21:29:41,2026-03-12 15:29:41
83,lt_user_083,302dfc32-69e1-402c-9b39-b0537d00e66d,eyJhbGciOiJIUzI1NiIsInR5cCI6IkpXVCJ9.eyJqdGkiOiI5ODVjYzAyYi02MDdkLTQ3OGEtOGU2Zi1jNjQ4MWE5NTkwODYiLCJzdWIiOiI4MyIsInVzZXJJZCI6ODMsIm5pY2tuYW1lIjoibHRfdXNlcl8wODMiLCJ0eXBlIjoiQUNDRVNTIiwiaXNzIjoiUUZlZWQiLCJpYXQiOjE3NzIxMTk3ODEsImV4cCI6MTc3MjE0MTM4MSwicm9sZXMiOlsiUk9MRV9VU0VSIl19.kvdpG3rAzeuKvBmoJHzjWvjOYzMjQYrbPoXqHUVI7VA,eyJhbGciOiJIUzI1NiIsInR5cCI6IkpXVCJ9.eyJqdGkiOiJhMzllYTNjZC0zYTg4LTRkOWQtYTk0My02N2ZiMWZhNTViODAiLCJzdWIiOiI4MyIsInVzZXJJZCI6ODMsIm5pY2tuYW1lIjoibHRfdXNlcl8wODMiLCJ0eXBlIjoiUkVGUkVTSCIsImlzcyI6IlFGZWVkIiwiaWF0IjoxNzcyMTE5NzgxLCJleHAiOjE3NzMzMjkzODEsImZhbWlseVV1aWQiOiIzMDJkZmMzMi02OWUxLTQwMmMtOWIzOS1iMDUzN2QwMGU2NmQifQ.r43M4IKsRq6XvEwh4dEf_czG6ocbUbD_YdLJHIA42yA,rY+3sJ2TfVB9/MDj+7J6bX/TvfULg2V4dPxcIZvS4W8=,2026-02-26 15:29:41,2026-02-26 21:29:41,2026-03-12 15:29:41
84,lt_user_084,a5bad21e-0cf4-48e8-b3bb-91bb00803150,eyJhbGciOiJIUzI1NiIsInR5cCI6IkpXVCJ9.eyJqdGkiOiJhMTgxMDcxYS00YWUwLTRlYjktOTExNS02NDdlODZlZTAxYWMiLCJzdWIiOiI4NCIsInVzZXJJZCI6ODQsIm5pY2tuYW1lIjoibHRfdXNlcl8wODQiLCJ0eXBlIjoiQUNDRVNTIiwiaXNzIjoiUUZlZWQiLCJpYXQiOjE3NzIxMTk3ODEsImV4cCI6MTc3MjE0MTM4MSwicm9sZXMiOlsiUk9MRV9VU0VSIl19.h9mElAitXJXCnn45ittVi8Dq2Nx1a9yd1mHC26kIh6c,eyJhbGciOiJIUzI1NiIsInR5cCI6IkpXVCJ9.eyJqdGkiOiI0NmRkY2Y0OC0wY2UwLTRlYzUtOGI4YS04ZmExYTVhMDI1ODAiLCJzdWIiOiI4NCIsInVzZXJJZCI6ODQsIm5pY2tuYW1lIjoibHRfdXNlcl8wODQiLCJ0eXBlIjoiUkVGUkVTSCIsImlzcyI6IlFGZWVkIiwiaWF0IjoxNzcyMTE5NzgxLCJleHAiOjE3NzMzMjkzODEsImZhbWlseVV1aWQiOiJhNWJhZDIxZS0wY2Y0LTQ4ZTgtYjNiYi05MWJiMDA4MDMxNTAifQ.JHwX5GuCX7IUW70cYJbP_aKSYSdIb10r3ZIumXqfbTs,Iz/869w4ik7okH3WkKYWmIXH0buafKU9KOCAE2aw3rQ=,2026-02-26 15:29:41,2026-02-26 21:29:41,2026-03-12 15:29:41
85,lt_user_085,b18a60db-e0ef-4f88-b3bd-1bc1f85692df,eyJhbGciOiJIUzI1NiIsInR5cCI6IkpXVCJ9.eyJqdGkiOiI5ZmZjZWMyMS05NmVmLTQyMmUtODYyZi04ZjZhODc4MWU0MWEiLCJzdWIiOiI4NSIsInVzZXJJZCI6ODUsIm5pY2tuYW1lIjoibHRfdXNlcl8wODUiLCJ0eXBlIjoiQUNDRVNTIiwiaXNzIjoiUUZlZWQiLCJpYXQiOjE3NzIxMTk3ODEsImV4cCI6MTc3MjE0MTM4MSwicm9sZXMiOlsiUk9MRV9VU0VSIl19.lw6qCA5dUdSrDFTOESA__MLtuR6pYheGOoSDq_CheJQ,eyJhbGciOiJIUzI1NiIsInR5cCI6IkpXVCJ9.eyJqdGkiOiI0YjNjNjAxYS00ZmFkLTQ4ODQtYjRhOC03MjI1MWIyYzk3ZmQiLCJzdWIiOiI4NSIsInVzZXJJZCI6ODUsIm5pY2tuYW1lIjoibHRfdXNlcl8wODUiLCJ0eXBlIjoiUkVGUkVTSCIsImlzcyI6IlFGZWVkIiwiaWF0IjoxNzcyMTE5NzgxLCJleHAiOjE3NzMzMjkzODEsImZhbWlseVV1aWQiOiJiMThhNjBkYi1lMGVmLTRmODgtYjNiZC0xYmMxZjg1NjkyZGYifQ.DjnfgJwz_xwsUWRnUcv7gzaMGPcr7JOZcRGKN9NMYz8,TIsK/72RK29if/7S366TsrYJieVWnFQraVc3SbTTIUE=,2026-02-26 15:29:41,2026-02-26 21:29:41,2026-03-12 15:29:41
86,lt_user_086,ef4618b3-5da8-451d-9fe3-d638225f3e29,eyJhbGciOiJIUzI1NiIsInR5cCI6IkpXVCJ9.eyJqdGkiOiJmY2I3OGVlZS04NDZiLTRkMTYtOWU4MC1kN2MyYTc2MzM2M2EiLCJzdWIiOiI4NiIsInVzZXJJZCI6ODYsIm5pY2tuYW1lIjoibHRfdXNlcl8wODYiLCJ0eXBlIjoiQUNDRVNTIiwiaXNzIjoiUUZlZWQiLCJpYXQiOjE3NzIxMTk3ODEsImV4cCI6MTc3MjE0MTM4MSwicm9sZXMiOlsiUk9MRV9VU0VSIl19.bLuA74CL9dMnTWwjdU9Pvl19veTZma2FnMAtZkGx4M4,eyJhbGciOiJIUzI1NiIsInR5cCI6IkpXVCJ9.eyJqdGkiOiIyMmJlOWQ3ZS0wNTdmLTRlZGUtODMwYi1iNWIzZjc5N2YwMzMiLCJzdWIiOiI4NiIsInVzZXJJZCI6ODYsIm5pY2tuYW1lIjoibHRfdXNlcl8wODYiLCJ0eXBlIjoiUkVGUkVTSCIsImlzcyI6IlFGZWVkIiwiaWF0IjoxNzcyMTE5NzgxLCJleHAiOjE3NzMzMjkzODEsImZhbWlseVV1aWQiOiJlZjQ2MThiMy01ZGE4LTQ1MWQtOWZlMy1kNjM4MjI1ZjNlMjkifQ.1o_M1GUCd8me6RV_S-IL1cdTOzI_dvvAkV3CT1f5_wY,xQR3XXRhZ158Zn2mQgK8j7Zr2PnN/fln4kpdsT/qgF4=,2026-02-26 15:29:41,2026-02-26 21:29:41,2026-03-12 15:29:41
87,lt_user_087,00292b07-b314-403f-93b1-c4b1182f3926,eyJhbGciOiJIUzI1NiIsInR5cCI6IkpXVCJ9.eyJqdGkiOiI0Yjg4NGQyNC1mMDA1LTQ5OWMtODFiNS0wZDZjMjNkZDJlY2MiLCJzdWIiOiI4NyIsInVzZXJJZCI6ODcsIm5pY2tuYW1lIjoibHRfdXNlcl8wODciLCJ0eXBlIjoiQUNDRVNTIiwiaXNzIjoiUUZlZWQiLCJpYXQiOjE3NzIxMTk3ODEsImV4cCI6MTc3MjE0MTM4MSwicm9sZXMiOlsiUk9MRV9VU0VSIl19.7DyiGgWaGhC86SAUtX2Ot8UjBn7VwDLdyaZY7q_s4x0,eyJhbGciOiJIUzI1NiIsInR5cCI6IkpXVCJ9.eyJqdGkiOiIzM2JmOGM5Ni0xMjQxLTQ3MDYtYTZlOC0wN2MzOTg5MmQwZjYiLCJzdWIiOiI4NyIsInVzZXJJZCI6ODcsIm5pY2tuYW1lIjoibHRfdXNlcl8wODciLCJ0eXBlIjoiUkVGUkVTSCIsImlzcyI6IlFGZWVkIiwiaWF0IjoxNzcyMTE5NzgxLCJleHAiOjE3NzMzMjkzODEsImZhbWlseVV1aWQiOiIwMDI5MmIwNy1iMzE0LTQwM2YtOTNiMS1jNGIxMTgyZjM5MjYifQ.dpx0MFF5A1VDMi03j0AT8k-aao09GXJYLzE3nNVC6SY,VgqBdxDWtHh3wtgIa5fE9tCFp+lfe4jsQUh0mg6sJHE=,2026-02-26 15:29:41,2026-02-26 21:29:41,2026-03-12 15:29:41
88,lt_user_088,bd40d639-1556-4a69-9df9-7f02ce5b9bb1,eyJhbGciOiJIUzI1NiIsInR5cCI6IkpXVCJ9.eyJqdGkiOiI1Mzg4ZjYxNC0xZjBlLTRhMTYtYjQ1OC01YjExMmExNDBkY2IiLCJzdWIiOiI4OCIsInVzZXJJZCI6ODgsIm5pY2tuYW1lIjoibHRfdXNlcl8wODgiLCJ0eXBlIjoiQUNDRVNTIiwiaXNzIjoiUUZlZWQiLCJpYXQiOjE3NzIxMTk3ODEsImV4cCI6MTc3MjE0MTM4MSwicm9sZXMiOlsiUk9MRV9VU0VSIl19.TcKrMdFKCrleezfiKxtSI13NltsLkfvFtGmn5AzrU08,eyJhbGciOiJIUzI1NiIsInR5cCI6IkpXVCJ9.eyJqdGkiOiI5NDM5ZjQwMy1mN2IyLTQwZGQtYTQ5Yi0zODhkNGFlMGM3ODciLCJzdWIiOiI4OCIsInVzZXJJZCI6ODgsIm5pY2tuYW1lIjoibHRfdXNlcl8wODgiLCJ0eXBlIjoiUkVGUkVTSCIsImlzcyI6IlFGZWVkIiwiaWF0IjoxNzcyMTE5NzgxLCJleHAiOjE3NzMzMjkzODEsImZhbWlseVV1aWQiOiJiZDQwZDYzOS0xNTU2LTRhNjktOWRmOS03ZjAyY2U1YjliYjEifQ.nIMakq0yvNkaNmGPEu3gqNHaysw07BTOKmBezi2T9n4,Dch3qjve6p/SuP7rM09CrA4XTRlhLoTK8yVhAzsV6LI=,2026-02-26 15:29:41,2026-02-26 21:29:41,2026-03-12 15:29:41
89,lt_user_089,8c10037b-52aa-4df7-967b-90e592282276,eyJhbGciOiJIUzI1NiIsInR5cCI6IkpXVCJ9.eyJqdGkiOiI0MmE0YzdmOS1jMzA5LTRiNGEtYmZjZC00ZDkwNDVmYmJhMGUiLCJzdWIiOiI4OSIsInVzZXJJZCI6ODksIm5pY2tuYW1lIjoibHRfdXNlcl8wODkiLCJ0eXBlIjoiQUNDRVNTIiwiaXNzIjoiUUZlZWQiLCJpYXQiOjE3NzIxMTk3ODEsImV4cCI6MTc3MjE0MTM4MSwicm9sZXMiOlsiUk9MRV9VU0VSIl19.EPNbpfw0k6Z94Qj2gfOz-wPsqRl72fV0elilkeTOlV8,eyJhbGciOiJIUzI1NiIsInR5cCI6IkpXVCJ9.eyJqdGkiOiI1YzM1ZDNhMi1jMTFkLTRkZWUtYWE4OC0wOWE4MzdkMThhMDciLCJzdWIiOiI4OSIsInVzZXJJZCI6ODksIm5pY2tuYW1lIjoibHRfdXNlcl8wODkiLCJ0eXBlIjoiUkVGUkVTSCIsImlzcyI6IlFGZWVkIiwiaWF0IjoxNzcyMTE5NzgxLCJleHAiOjE3NzMzMjkzODEsImZhbWlseVV1aWQiOiI4YzEwMDM3Yi01MmFhLTRkZjctOTY3Yi05MGU1OTIyODIyNzYifQ.ITaf8JkzYLMOysAVXJlV0hcMhef-wJSZTlB3g-zVEGI,G05LEkxGjU75qL7ApIxdeC+uwsq4jk3jV6rvLMq0dcs=,2026-02-26 15:29:41,2026-02-26 21:29:41,2026-03-12 15:29:41
90,lt_user_090,19bcd688-7fe4-47d1-bd8d-d9d39c8acfd1,eyJhbGciOiJIUzI1NiIsInR5cCI6IkpXVCJ9.eyJqdGkiOiI3NDJlNWI0NS1mOTdmLTRkZGQtOWUyZS03NGY4ZDcyOTRlZmQiLCJzdWIiOiI5MCIsInVzZXJJZCI6OTAsIm5pY2tuYW1lIjoibHRfdXNlcl8wOTAiLCJ0eXBlIjoiQUNDRVNTIiwiaXNzIjoiUUZlZWQiLCJpYXQiOjE3NzIxMTk3ODEsImV4cCI6MTc3MjE0MTM4MSwicm9sZXMiOlsiUk9MRV9VU0VSIl19.PB7fbMsZXMRjOWY56xRyzumrMrh_U9TgyjFwMfy_wyI,eyJhbGciOiJIUzI1NiIsInR5cCI6IkpXVCJ9.eyJqdGkiOiJmYzU0ZDM4Ni0zZTA1LTQ1ZTctOWZhOS1jY2IwNjQ0NGI3OTAiLCJzdWIiOiI5MCIsInVzZXJJZCI6OTAsIm5pY2tuYW1lIjoibHRfdXNlcl8wOTAiLCJ0eXBlIjoiUkVGUkVTSCIsImlzcyI6IlFGZWVkIiwiaWF0IjoxNzcyMTE5NzgxLCJleHAiOjE3NzMzMjkzODEsImZhbWlseVV1aWQiOiIxOWJjZDY4OC03ZmU0LTQ3ZDEtYmQ4ZC1kOWQzOWM4YWNmZDEifQ.KrHzLCHwva83l2n8G-9k8ULAsaH5wlK1cQpG9QphB9k,cbquIxBXeyJ5zGyclO8cLXaBwc8Upzxcu8J6VxP1CKo=,2026-02-26 15:29:41,2026-02-26 21:29:41,2026-03-12 15:29:41
91,lt_user_091,8e7c17f4-38c3-44af-8e6f-0b51d8852ca5,eyJhbGciOiJIUzI1NiIsInR5cCI6IkpXVCJ9.eyJqdGkiOiIzMzMwOWMzMC04YTE4LTQ3MTUtYmNkMy1mMGZhYzIwM2U2YzQiLCJzdWIiOiI5MSIsInVzZXJJZCI6OTEsIm5pY2tuYW1lIjoibHRfdXNlcl8wOTEiLCJ0eXBlIjoiQUNDRVNTIiwiaXNzIjoiUUZlZWQiLCJpYXQiOjE3NzIxMTk3ODEsImV4cCI6MTc3MjE0MTM4MSwicm9sZXMiOlsiUk9MRV9VU0VSIl19.7wtxYtvGegovUqKcbYtQUzJoomuiX5TKFKZk4XzFgOQ,eyJhbGciOiJIUzI1NiIsInR5cCI6IkpXVCJ9.eyJqdGkiOiI1NTIwOTNmZi04ZTY2LTRmMWMtOTMxMC0zM2UwOGNjOGM1ZGEiLCJzdWIiOiI5MSIsInVzZXJJZCI6OTEsIm5pY2tuYW1lIjoibHRfdXNlcl8wOTEiLCJ0eXBlIjoiUkVGUkVTSCIsImlzcyI6IlFGZWVkIiwiaWF0IjoxNzcyMTE5NzgxLCJleHAiOjE3NzMzMjkzODEsImZhbWlseVV1aWQiOiI4ZTdjMTdmNC0zOGMzLTQ0YWYtOGU2Zi0wYjUxZDg4NTJjYTUifQ.LRzR-kHG9-DotKqD9LgYzrzB94amcK8HjHWwBfPNXss,F3nqDXK09hGpMwnH5ckSE7CwQHOciNYey2tffcSElXM=,2026-02-26 15:29:41,2026-02-26 21:29:41,2026-03-12 15:29:41
92,lt_user_092,ec20dde5-a878-4609-9257-c1a8a72aeed6,eyJhbGciOiJIUzI1NiIsInR5cCI6IkpXVCJ9.eyJqdGkiOiIzOThmNDVmMC0wNzViLTQ2NzYtYjk5Zi00ZmIwOWYwZDlkMzciLCJzdWIiOiI5MiIsInVzZXJJZCI6OTIsIm5pY2tuYW1lIjoibHRfdXNlcl8wOTIiLCJ0eXBlIjoiQUNDRVNTIiwiaXNzIjoiUUZlZWQiLCJpYXQiOjE3NzIxMTk3ODEsImV4cCI6MTc3MjE0MTM4MSwicm9sZXMiOlsiUk9MRV9VU0VSIl19.TyH4mOJQVXE-JucCp6Reiy3FQTm7dID5zA2ZDm_h0go,eyJhbGciOiJIUzI1NiIsInR5cCI6IkpXVCJ9.eyJqdGkiOiJmNjFlOTUyMy01OGUwLTQ4MmItYTg3NC0xMDQ4NjNiMDIwYTEiLCJzdWIiOiI5MiIsInVzZXJJZCI6OTIsIm5pY2tuYW1lIjoibHRfdXNlcl8wOTIiLCJ0eXBlIjoiUkVGUkVTSCIsImlzcyI6IlFGZWVkIiwiaWF0IjoxNzcyMTE5NzgxLCJleHAiOjE3NzMzMjkzODEsImZhbWlseVV1aWQiOiJlYzIwZGRlNS1hODc4LTQ2MDktOTI1Ny1jMWE4YTcyYWVlZDYifQ.l9d1Bk8QA6rzYHgPGmQ_TsL4LSmwA7r9k-X63Ftc2-I,6SHn+PQclKZj8Vk3F14zpL5Q/EmxNa8oygSKnG4YEdA=,2026-02-26 15:29:41,2026-02-26 21:29:41,2026-03-12 15:29:41
93,lt_user_093,2796a548-a014-4971-bb81-004f0c42dbd4,eyJhbGciOiJIUzI1NiIsInR5cCI6IkpXVCJ9.eyJqdGkiOiIyZTJiMTg5ZC05OGYxLTRiNzktOWJlMy1jMzQ5MzkzMmZhNDMiLCJzdWIiOiI5MyIsInVzZXJJZCI6OTMsIm5pY2tuYW1lIjoibHRfdXNlcl8wOTMiLCJ0eXBlIjoiQUNDRVNTIiwiaXNzIjoiUUZlZWQiLCJpYXQiOjE3NzIxMTk3ODEsImV4cCI6MTc3MjE0MTM4MSwicm9sZXMiOlsiUk9MRV9VU0VSIl19.R0ZT1kPcl6_9-UUayH7i98jyqFotd_Zx3qtwqVeOJdg,eyJhbGciOiJIUzI1NiIsInR5cCI6IkpXVCJ9.eyJqdGkiOiJmY2IzZTYyYS1iZDg3LTQ2NzUtODRlYi04ZjNiMDVhYTg0YjQiLCJzdWIiOiI5MyIsInVzZXJJZCI6OTMsIm5pY2tuYW1lIjoibHRfdXNlcl8wOTMiLCJ0eXBlIjoiUkVGUkVTSCIsImlzcyI6IlFGZWVkIiwiaWF0IjoxNzcyMTE5NzgxLCJleHAiOjE3NzMzMjkzODEsImZhbWlseVV1aWQiOiIyNzk2YTU0OC1hMDE0LTQ5NzEtYmI4MS0wMDRmMGM0MmRiZDQifQ.Vw0mm4vEaBmwS4mbDx2oynUe0AHalGi7X6o7JMAjhAE,mcIPFuixOSbOXpkbqEbGQmDwZnqooh4RXS1Feq47jf0=,2026-02-26 15:29:41,2026-02-26 21:29:41,2026-03-12 15:29:41
94,lt_user_094,38382d6f-01a9-4411-86ec-ba4ece14e781,eyJhbGciOiJIUzI1NiIsInR5cCI6IkpXVCJ9.eyJqdGkiOiIyMzIzY2ExOS04NDdjLTQ4MjEtYTBmYS1hYzEwMThmMmJhMTciLCJzdWIiOiI5NCIsInVzZXJJZCI6OTQsIm5pY2tuYW1lIjoibHRfdXNlcl8wOTQiLCJ0eXBlIjoiQUNDRVNTIiwiaXNzIjoiUUZlZWQiLCJpYXQiOjE3NzIxMTk3ODEsImV4cCI6MTc3MjE0MTM4MSwicm9sZXMiOlsiUk9MRV9VU0VSIl19.7FNX3RQgN4UiP_z4FGDQ9aewSjZu6MpSPDyjcZeXkPA,eyJhbGciOiJIUzI1NiIsInR5cCI6IkpXVCJ9.eyJqdGkiOiIyNWY1ZTEwYS1mNjJlLTRlOTgtYTk2OC05N2Q3Y2M3NmQ3ZDMiLCJzdWIiOiI5NCIsInVzZXJJZCI6OTQsIm5pY2tuYW1lIjoibHRfdXNlcl8wOTQiLCJ0eXBlIjoiUkVGUkVTSCIsImlzcyI6IlFGZWVkIiwiaWF0IjoxNzcyMTE5NzgxLCJleHAiOjE3NzMzMjkzODEsImZhbWlseVV1aWQiOiIzODM4MmQ2Zi0wMWE5LTQ0MTEtODZlYy1iYTRlY2UxNGU3ODEifQ.T8gI8Sco7SnleV8uwGjVUs-EDrLCWHEceyYSxXpCTJA,OY/wr06wIKNznCt1FC6I/CqupsYZM6PjOBvQ8GJp7aM=,2026-02-26 15:29:41,2026-02-26 21:29:41,2026-03-12 15:29:41
95,lt_user_095,912e4be6-173b-45b5-b23d-14c22a77a4ac,eyJhbGciOiJIUzI1NiIsInR5cCI6IkpXVCJ9.eyJqdGkiOiI0MTc4NzViNy01ZDI4LTQ2ZTEtOWRlOC01NWM4N2NkMWNlYmMiLCJzdWIiOiI5NSIsInVzZXJJZCI6OTUsIm5pY2tuYW1lIjoibHRfdXNlcl8wOTUiLCJ0eXBlIjoiQUNDRVNTIiwiaXNzIjoiUUZlZWQiLCJpYXQiOjE3NzIxMTk3ODEsImV4cCI6MTc3MjE0MTM4MSwicm9sZXMiOlsiUk9MRV9VU0VSIl19.QMriEhTm0e7hbvwKXtxsUqbBXRKBbL7OkAJCDr8Lu7M,eyJhbGciOiJIUzI1NiIsInR5cCI6IkpXVCJ9.eyJqdGkiOiJkNTM2NzE2Mi1hODMxLTRlOWEtOTFlNy03ZDc4ZGViOTVjY2EiLCJzdWIiOiI5NSIsInVzZXJJZCI6OTUsIm5pY2tuYW1lIjoibHRfdXNlcl8wOTUiLCJ0eXBlIjoiUkVGUkVTSCIsImlzcyI6IlFGZWVkIiwiaWF0IjoxNzcyMTE5NzgxLCJleHAiOjE3NzMzMjkzODEsImZhbWlseVV1aWQiOiI5MTJlNGJlNi0xNzNiLTQ1YjUtYjIzZC0xNGMyMmE3N2E0YWMifQ.OBs-v70qMFZPrArniMTHwySrcI7Kb6a_71PoeNSXY54,Flr88lsAYGC6WJ5sB0PEVXhJZyl2BQGg+349Qgy7zQs=,2026-02-26 15:29:41,2026-02-26 21:29:41,2026-03-12 15:29:41
96,lt_user_096,905e64ce-98c5-467b-9c3e-fe32279189b5,eyJhbGciOiJIUzI1NiIsInR5cCI6IkpXVCJ9.eyJqdGkiOiIyY2I1Y2MyMS0xYjIxLTRkMDAtOTIzNy0yMGQ1ODk4NWFmMjkiLCJzdWIiOiI5NiIsInVzZXJJZCI6OTYsIm5pY2tuYW1lIjoibHRfdXNlcl8wOTYiLCJ0eXBlIjoiQUNDRVNTIiwiaXNzIjoiUUZlZWQiLCJpYXQiOjE3NzIxMTk3ODEsImV4cCI6MTc3MjE0MTM4MSwicm9sZXMiOlsiUk9MRV9VU0VSIl19.l2kWJBY0ZAv31aNSxPaFJBCLIHHCyxhVm4GUusudF6k,eyJhbGciOiJIUzI1NiIsInR5cCI6IkpXVCJ9.eyJqdGkiOiJjN2RlMGE3MC1jMTAxLTRmZjQtOGJiMy1lNjViYTJmNTAzMmQiLCJzdWIiOiI5NiIsInVzZXJJZCI6OTYsIm5pY2tuYW1lIjoibHRfdXNlcl8wOTYiLCJ0eXBlIjoiUkVGUkVTSCIsImlzcyI6IlFGZWVkIiwiaWF0IjoxNzcyMTE5NzgxLCJleHAiOjE3NzMzMjkzODEsImZhbWlseVV1aWQiOiI5MDVlNjRjZS05OGM1LTQ2N2ItOWMzZS1mZTMyMjc5MTg5YjUifQ.5RDylnSwuxhREpFtA2Eu0td0IFZTawM2svFB6tvPWpI,Zf4m1Jtq/ULQx7fg9Gq4ZhuW9A5kdVwJQ34xuHocUs8=,2026-02-26 15:29:41,2026-02-26 21:29:41,2026-03-12 15:29:41
97,lt_user_097,c3a6d9b5-cb12-4d06-abce-07614b49085c,eyJhbGciOiJIUzI1NiIsInR5cCI6IkpXVCJ9.eyJqdGkiOiJiMWY1ZjIzYS04M2UyLTRlNGYtYTQ0NC0xNWIxM2MyYTkwZTQiLCJzdWIiOiI5NyIsInVzZXJJZCI6OTcsIm5pY2tuYW1lIjoibHRfdXNlcl8wOTciLCJ0eXBlIjoiQUNDRVNTIiwiaXNzIjoiUUZlZWQiLCJpYXQiOjE3NzIxMTk3ODEsImV4cCI6MTc3MjE0MTM4MSwicm9sZXMiOlsiUk9MRV9VU0VSIl19.TjVvvqPG0_TFJE_mqFv3gqkdliwgO56gSEGI1X-kt8k,eyJhbGciOiJIUzI1NiIsInR5cCI6IkpXVCJ9.eyJqdGkiOiI2ODg4MGZmNy04MDU5LTQxZjktOWFmZi05MjI5YjVkMjI0NmMiLCJzdWIiOiI5NyIsInVzZXJJZCI6OTcsIm5pY2tuYW1lIjoibHRfdXNlcl8wOTciLCJ0eXBlIjoiUkVGUkVTSCIsImlzcyI6IlFGZWVkIiwiaWF0IjoxNzcyMTE5NzgxLCJleHAiOjE3NzMzMjkzODEsImZhbWlseVV1aWQiOiJjM2E2ZDliNS1jYjEyLTRkMDYtYWJjZS0wNzYxNGI0OTA4NWMifQ.jVAGVdjpWU8z1dHHFA4vAeBN7GMA1M1fPbphfo6zZj4,PF0PFS4Qr/fmc79reRMDoSQBJoCPK3wHH11tLOjJKnU=,2026-02-26 15:29:41,2026-02-26 21:29:41,2026-03-12 15:29:41
98,lt_user_098,38162637-18a8-4b3f-b938-d525b8807886,eyJhbGciOiJIUzI1NiIsInR5cCI6IkpXVCJ9.eyJqdGkiOiI2NmU5YTg4MS1lZDE2LTQ1MWMtOTlhOC02YWIzOWNkYWE1MWIiLCJzdWIiOiI5OCIsInVzZXJJZCI6OTgsIm5pY2tuYW1lIjoibHRfdXNlcl8wOTgiLCJ0eXBlIjoiQUNDRVNTIiwiaXNzIjoiUUZlZWQiLCJpYXQiOjE3NzIxMTk3ODEsImV4cCI6MTc3MjE0MTM4MSwicm9sZXMiOlsiUk9MRV9VU0VSIl19.mv1473d4QNEzkRkJnQBTndNkvdnjFIhufdQ8V_zvnEw,eyJhbGciOiJIUzI1NiIsInR5cCI6IkpXVCJ9.eyJqdGkiOiI0N2RlNjUzNy1lN2I3LTQ4ODUtYWM3OS04MGNlMzMxMmFkZWQiLCJzdWIiOiI5OCIsInVzZXJJZCI6OTgsIm5pY2tuYW1lIjoibHRfdXNlcl8wOTgiLCJ0eXBlIjoiUkVGUkVTSCIsImlzcyI6IlFGZWVkIiwiaWF0IjoxNzcyMTE5NzgxLCJleHAiOjE3NzMzMjkzODEsImZhbWlseVV1aWQiOiIzODE2MjYzNy0xOGE4LTRiM2YtYjkzOC1kNTI1Yjg4MDc4ODYifQ.h3MHiydcg9ace57J9f_6zymvyPlUlbTg90bpOuGKovo,Ak5unC57Hd1s4mmd2OjdPN5zLDUzOi96dQmgewR5wwA=,2026-02-26 15:29:41,2026-02-26 21:29:41,2026-03-12 15:29:41
99,lt_user_099,f4034ecc-eefb-4fcd-ad84-a90cb5a8d8d4,eyJhbGciOiJIUzI1NiIsInR5cCI6IkpXVCJ9.eyJqdGkiOiI3MGQwMWY4Yy1kZDgwLTQxZGYtYTlkNC1jZTIyYTQ5NjcxZmMiLCJzdWIiOiI5OSIsInVzZXJJZCI6OTksIm5pY2tuYW1lIjoibHRfdXNlcl8wOTkiLCJ0eXBlIjoiQUNDRVNTIiwiaXNzIjoiUUZlZWQiLCJpYXQiOjE3NzIxMTk3ODEsImV4cCI6MTc3MjE0MTM4MSwicm9sZXMiOlsiUk9MRV9VU0VSIl19.AkwQObkTi-UbvQrHfmCPkF0hmLR6Vn9GOb_TKESYBVs,eyJhbGciOiJIUzI1NiIsInR5cCI6IkpXVCJ9.eyJqdGkiOiJlZjE5YzYzMi02OTI3LTRiNTEtYTEzZS1lYjIxMmY0ZDljOGEiLCJzdWIiOiI5OSIsInVzZXJJZCI6OTksIm5pY2tuYW1lIjoibHRfdXNlcl8wOTkiLCJ0eXBlIjoiUkVGUkVTSCIsImlzcyI6IlFGZWVkIiwiaWF0IjoxNzcyMTE5NzgxLCJleHAiOjE3NzMzMjkzODEsImZhbWlseVV1aWQiOiJmNDAzNGVjYy1lZWZiLTRmY2QtYWQ4NC1hOTBjYjVhOGQ4ZDQifQ.1LGXHasAzpiqrI4UV3ZK2Zi-Bt08M8p8diBh4rdSNE8,ykqXpwxgCOLpPaIj2uBSqvInExZGOz9/YWELa5F4Nlg=,2026-02-26 15:29:41,2026-02-26 21:29:41,2026-03-12 15:29:41
100,lt_user_100,090383cd-5466-490c-b2be-0ed40b6d755d,eyJhbGciOiJIUzI1NiIsInR5cCI6IkpXVCJ9.eyJqdGkiOiI3MTUwNDczZi1jMjdiLTQzN2ItYTZmZi1jYzk5YWVlNjRjOTciLCJzdWIiOiIxMDAiLCJ1c2VySWQiOjEwMCwibmlja25hbWUiOiJsdF91c2VyXzEwMCIsInR5cGUiOiJBQ0NFU1MiLCJpc3MiOiJRRmVlZCIsImlhdCI6MTc3MjExOTc4MSwiZXhwIjoxNzcyMTQxMzgxLCJyb2xlcyI6WyJST0xFX1VTRVIiXX0.g_vqcDUJpkxgGt2jMbcCD1jTLEz0r2vIRdAZYOI30YM,eyJhbGciOiJIUzI1NiIsInR5cCI6IkpXVCJ9.eyJqdGkiOiI0YWU5M2VkMC02YTNkLTRkNGMtYWE5YS01MWRlODMxNWUxZWIiLCJzdWIiOiIxMDAiLCJ1c2VySWQiOjEwMCwibmlja25hbWUiOiJsdF91c2VyXzEwMCIsInR5cGUiOiJSRUZSRVNIIiwiaXNzIjoiUUZlZWQiLCJpYXQiOjE3NzIxMTk3ODEsImV4cCI6MTc3MzMyOTM4MSwiZmFtaWx5VXVpZCI6IjA5MDM4M2NkLTU0NjYtNDkwYy1iMmJlLTBlZDQwYjZkNzU1ZCJ9.WAbb3UhFuacUln_8u-FSZlwqP6G-VySnzQFCplsc2Lc,AjzPITzg27gSJ/X0dbU9Fh3bzUOuLIFiQY/3tVRfQQw=,2026-02-26 15:29:41,2026-02-26 21:29:41,2026-03-12 15:29:41
